Participant_ID,Seq_part,Gender,ExpGroup,HerGroup,Age,AoA_SPA,AoA_ENG,LOR,SelfProf,SelfDom,DELE,FofA_Prod,FofA_Comp,Battery,Item,Seq_Item,Average,MainVerb,LF_Main,TF_Main,Syntax_Main,VolScore_Main,SubVerb,LF_Sub,Morpheme,Property,Condition,Condition_Exp
SBC01,14,Male,Comparison,,29,0,,26,40,7,47,21,21,A,21,2,1,doler,69627,1,DativeExp,,,,Aspect,Preterit,E,Regular stative with durante
SBC01,14,Male,Comparison,,29,0,,26,40,7,47,21,21,A,31,5,1,gustar,541858,1,DativeExp,,,,Aspect,Preterit,G,Regular stative with entre
SBC01,14,Male,Comparison,,29,0,,26,40,7,47,21,21,A,26,7,1,haber,7679109,0,Canonical,,,,Aspect,Preterit,F,Irregular stative with durante
SBC01,14,Male,Comparison,,29,0,,26,40,7,47,21,21,A,38,10,1,excluir,53412,0,Canonical,,,,Aspect,Preterit,H,Irregular stative with entre
SBC01,14,Male,Comparison,,29,0,,26,40,7,47,21,21,A,22,12,1,amar,80242,1,Canonical,,,,Aspect,Preterit,E,Regular stative with durante
SBC01,14,Male,Comparison,,29,0,,26,40,7,47,21,21,A,32,15,1,amar,80242,1,Canonical,,,,Aspect,Preterit,G,Regular stative with entre
SBC01,14,Male,Comparison,,29,0,,26,40,7,47,21,21,A,27,17,1,estar,10180830,0,Canonical,,,,Aspect,Preterit,F,Irregular stative with durante
SBC01,14,Male,Comparison,,29,0,,26,40,7,47,21,21,A,37,20,1,tener,8031798,0,Canonical,,,,Aspect,Preterit,H,Irregular stative with entre
SBC01,14,Male,Comparison,,29,0,,26,40,7,47,21,21,A,23,22,1,vivir,599425,1,Canonical,,,,Aspect,Preterit,E,Regular stative with durante
SBC01,14,Male,Comparison,,29,0,,26,40,7,47,21,21,A,33,25,1,faltar,182742,1,DativeExp,,,,Aspect,Preterit,G,Regular stative with entre
SBC01,14,Male,Comparison,,29,0,,26,40,7,47,21,21,A,28,27,1,excluir,53412,0,Canonical,,,,Aspect,Preterit,F,Irregular stative with durante
SBC01,14,Male,Comparison,,29,0,,26,40,7,47,21,21,A,38,30,1,creer,537246,0,Canonical,,,,Aspect,Preterit,H,Irregular stative with entre
SBC01,14,Male,Comparison,,29,0,,26,40,7,47,21,21,A,24,32,1,gustar,541858,1,DativeExp,,,,Aspect,Preterit,E,Regular stative with durante
SBC01,14,Male,Comparison,,29,0,,26,40,7,47,21,21,A,34,35,1,vivir,599425,1,Canonical,,,,Aspect,Preterit,G,Regular stative with entre
SBC01,14,Male,Comparison,,29,0,,26,40,7,47,21,21,A,29,37,1,tener,8031798,0,Canonical,,,,Aspect,Preterit,F,Irregular stative with durante
SBC01,14,Male,Comparison,,29,0,,26,40,7,47,21,21,A,39,40,0,estar,10180830,0,Canonical,,,,Aspect,Preterit,H,Irregular stative with entre
SBC01,14,Male,Comparison,,29,0,,26,40,7,47,21,21,A,25,42,1,faltar,182742,1,DativeExp,,,,Aspect,Preterit,E,Regular stative with durante
SBC01,14,Male,Comparison,,29,0,,26,40,7,47,21,21,A,35,45,1,doler,69627,1,DativeExp,,,,Aspect,Preterit,G,Regular stative with entre
SBC01,14,Male,Comparison,,29,0,,26,40,7,47,21,21,A,30,47,1,creer,537246,0,Canonical,,,,Aspect,Preterit,F,Irregular stative with durante
SBC01,14,Male,Comparison,,29,0,,26,40,7,47,21,21,A,40,50,1,haber,7679109,0,Canonical,,,,Aspect,Preterit,H,Irregular stative with entre
SBC02,4,Female,Comparison,,28,0,3,22,40,7,48,21,21,B,40,2,1,haber,7679109,0,Canonical,,,,Aspect,Preterit,H,Irregular stative with entre
SBC02,4,Female,Comparison,,28,0,3,22,40,7,48,21,21,B,30,4,1,creer,537246,0,Canonical,,,,Aspect,Preterit,F,Irregular stative with durante
SBC02,4,Female,Comparison,,28,0,3,22,40,7,48,21,21,B,35,7,0,doler,69627,1,DativeExp,,,,Aspect,Preterit,G,Regular stative with entre
SBC02,4,Female,Comparison,,28,0,3,22,40,7,48,21,21,B,25,9,1,faltar,182742,1,DativeExp,,,,Aspect,Preterit,E,Regular stative with durante
SBC02,4,Female,Comparison,,28,0,3,22,40,7,48,21,21,B,39,12,1,estar,10180830,0,Canonical,,,,Aspect,Preterit,H,Irregular stative with entre
SBC02,4,Female,Comparison,,28,0,3,22,40,7,48,21,21,B,29,14,1,tener,8031798,0,Canonical,,,,Aspect,Preterit,F,Irregular stative with durante
SBC02,4,Female,Comparison,,28,0,3,22,40,7,48,21,21,B,34,17,1,vivir,599425,1,Canonical,,,,Aspect,Preterit,G,Regular stative with entre
SBC02,4,Female,Comparison,,28,0,3,22,40,7,48,21,21,B,24,19,0,gustar,541858,1,DativeExp,,,,Aspect,Preterit,E,Regular stative with durante
SBC02,4,Female,Comparison,,28,0,3,22,40,7,48,21,21,B,38,22,1,creer,537246,0,Canonical,,,,Aspect,Preterit,H,Irregular stative with entre
SBC02,4,Female,Comparison,,28,0,3,22,40,7,48,21,21,B,28,24,1,excluir,53412,0,Canonical,,,,Aspect,Preterit,F,Irregular stative with durante
SBC02,4,Female,Comparison,,28,0,3,22,40,7,48,21,21,B,33,27,1,faltar,182742,1,DativeExp,,,,Aspect,Preterit,G,Regular stative with entre
SBC02,4,Female,Comparison,,28,0,3,22,40,7,48,21,21,B,23,29,1,vivir,599425,1,Canonical,,,,Aspect,Preterit,E,Regular stative with durante
SBC02,4,Female,Comparison,,28,0,3,22,40,7,48,21,21,B,37,32,1,tener,8031798,0,Canonical,,,,Aspect,Preterit,H,Irregular stative with entre
SBC02,4,Female,Comparison,,28,0,3,22,40,7,48,21,21,B,27,34,1,estar,10180830,0,Canonical,,,,Aspect,Preterit,F,Irregular stative with durante
SBC02,4,Female,Comparison,,28,0,3,22,40,7,48,21,21,B,32,37,1,amar,80242,1,Canonical,,,,Aspect,Preterit,G,Regular stative with entre
SBC02,4,Female,Comparison,,28,0,3,22,40,7,48,21,21,B,22,39,1,amar,80242,1,Canonical,,,,Aspect,Preterit,E,Regular stative with durante
SBC02,4,Female,Comparison,,28,0,3,22,40,7,48,21,21,B,36,42,1,tener,8031798,0,Canonical,,,,Aspect,Preterit,H,Irregular stative with entre
SBC02,4,Female,Comparison,,28,0,3,22,40,7,48,21,21,B,26,44,1,haber,7679109,0,Canonical,,,,Aspect,Preterit,F,Irregular stative with durante
SBC02,4,Female,Comparison,,28,0,3,22,40,7,48,21,21,B,31,47,1,gustar,541858,1,DativeExp,,,,Aspect,Preterit,G,Regular stative with entre
SBC02,4,Female,Comparison,,28,0,3,22,40,7,48,21,21,B,21,49,0,doler,69627,1,DativeExp,,,,Aspect,Preterit,E,Regular stative with durante
SBC03,8,Female,Comparison,,55,0,15,34,40,10,49,16,16,B,40,2,1,haber,7679109,0,Canonical,,,,Aspect,Preterit,H,Irregular stative with entre
SBC03,8,Female,Comparison,,55,0,15,34,40,10,49,16,16,B,30,4,1,creer,537246,0,Canonical,,,,Aspect,Preterit,F,Irregular stative with durante
SBC03,8,Female,Comparison,,55,0,15,34,40,10,49,16,16,B,35,7,0,doler,69627,1,DativeExp,,,,Aspect,Preterit,G,Regular stative with entre
SBC03,8,Female,Comparison,,55,0,15,34,40,10,49,16,16,B,25,9,1,faltar,182742,1,DativeExp,,,,Aspect,Preterit,E,Regular stative with durante
SBC03,8,Female,Comparison,,55,0,15,34,40,10,49,16,16,B,39,12,1,estar,10180830,0,Canonical,,,,Aspect,Preterit,H,Irregular stative with entre
SBC03,8,Female,Comparison,,55,0,15,34,40,10,49,16,16,B,29,14,0,tener,8031798,0,Canonical,,,,Aspect,Preterit,F,Irregular stative with durante
SBC03,8,Female,Comparison,,55,0,15,34,40,10,49,16,16,B,34,17,1,vivir,599425,1,Canonical,,,,Aspect,Preterit,G,Regular stative with entre
SBC03,8,Female,Comparison,,55,0,15,34,40,10,49,16,16,B,24,19,1,gustar,541858,1,DativeExp,,,,Aspect,Preterit,E,Regular stative with durante
SBC03,8,Female,Comparison,,55,0,15,34,40,10,49,16,16,B,38,22,1,creer,537246,0,Canonical,,,,Aspect,Preterit,H,Irregular stative with entre
SBC03,8,Female,Comparison,,55,0,15,34,40,10,49,16,16,B,28,24,1,excluir,53412,0,Canonical,,,,Aspect,Preterit,F,Irregular stative with durante
SBC03,8,Female,Comparison,,55,0,15,34,40,10,49,16,16,B,33,27,1,faltar,182742,1,DativeExp,,,,Aspect,Preterit,G,Regular stative with entre
SBC03,8,Female,Comparison,,55,0,15,34,40,10,49,16,16,B,23,29,1,vivir,599425,1,Canonical,,,,Aspect,Preterit,E,Regular stative with durante
SBC03,8,Female,Comparison,,55,0,15,34,40,10,49,16,16,B,37,32,1,tener,8031798,0,Canonical,,,,Aspect,Preterit,H,Irregular stative with entre
SBC03,8,Female,Comparison,,55,0,15,34,40,10,49,16,16,B,27,34,1,estar,10180830,0,Canonical,,,,Aspect,Preterit,F,Irregular stative with durante
SBC03,8,Female,Comparison,,55,0,15,34,40,10,49,16,16,B,32,37,0,amar,80242,1,Canonical,,,,Aspect,Preterit,G,Regular stative with entre
SBC03,8,Female,Comparison,,55,0,15,34,40,10,49,16,16,B,22,39,0,amar,80242,1,Canonical,,,,Aspect,Preterit,E,Regular stative with durante
SBC03,8,Female,Comparison,,55,0,15,34,40,10,49,16,16,B,36,42,0,tener,8031798,0,Canonical,,,,Aspect,Preterit,H,Irregular stative with entre
SBC03,8,Female,Comparison,,55,0,15,34,40,10,49,16,16,B,26,44,1,haber,7679109,0,Canonical,,,,Aspect,Preterit,F,Irregular stative with durante
SBC03,8,Female,Comparison,,55,0,15,34,40,10,49,16,16,B,31,47,1,gustar,541858,1,DativeExp,,,,Aspect,Preterit,G,Regular stative with entre
SBC03,8,Female,Comparison,,55,0,15,34,40,10,49,16,16,B,21,49,0,doler,69627,1,DativeExp,,,,Aspect,Preterit,E,Regular stative with durante
SBC04,5,Female,Comparison,,30,0,10,2,40,10,50,25,23,A,21,2,0,doler,69627,1,DativeExp,,,,Aspect,Preterit,E,Regular stative with durante
SBC04,5,Female,Comparison,,30,0,10,2,40,10,50,25,23,A,31,5,1,gustar,541858,1,DativeExp,,,,Aspect,Preterit,G,Regular stative with entre
SBC04,5,Female,Comparison,,30,0,10,2,40,10,50,25,23,A,26,7,1,haber,7679109,0,Canonical,,,,Aspect,Preterit,F,Irregular stative with durante
SBC04,5,Female,Comparison,,30,0,10,2,40,10,50,25,23,A,38,10,1,excluir,53412,0,Canonical,,,,Aspect,Preterit,H,Irregular stative with entre
SBC04,5,Female,Comparison,,30,0,10,2,40,10,50,25,23,A,22,12,1,amar,80242,1,Canonical,,,,Aspect,Preterit,E,Regular stative with durante
SBC04,5,Female,Comparison,,30,0,10,2,40,10,50,25,23,A,32,15,0,amar,80242,1,Canonical,,,,Aspect,Preterit,G,Regular stative with entre
SBC04,5,Female,Comparison,,30,0,10,2,40,10,50,25,23,A,27,17,1,estar,10180830,0,Canonical,,,,Aspect,Preterit,F,Irregular stative with durante
SBC04,5,Female,Comparison,,30,0,10,2,40,10,50,25,23,A,37,20,1,tener,8031798,0,Canonical,,,,Aspect,Preterit,H,Irregular stative with entre
SBC04,5,Female,Comparison,,30,0,10,2,40,10,50,25,23,A,23,22,1,vivir,599425,1,Canonical,,,,Aspect,Preterit,E,Regular stative with durante
SBC04,5,Female,Comparison,,30,0,10,2,40,10,50,25,23,A,33,25,1,faltar,182742,1,DativeExp,,,,Aspect,Preterit,G,Regular stative with entre
SBC04,5,Female,Comparison,,30,0,10,2,40,10,50,25,23,A,28,27,1,excluir,53412,0,Canonical,,,,Aspect,Preterit,F,Irregular stative with durante
SBC04,5,Female,Comparison,,30,0,10,2,40,10,50,25,23,A,38,30,0,creer,537246,0,Canonical,,,,Aspect,Preterit,H,Irregular stative with entre
SBC04,5,Female,Comparison,,30,0,10,2,40,10,50,25,23,A,24,32,0,gustar,541858,1,DativeExp,,,,Aspect,Preterit,E,Regular stative with durante
SBC04,5,Female,Comparison,,30,0,10,2,40,10,50,25,23,A,34,35,1,vivir,599425,1,Canonical,,,,Aspect,Preterit,G,Regular stative with entre
SBC04,5,Female,Comparison,,30,0,10,2,40,10,50,25,23,A,29,37,1,tener,8031798,0,Canonical,,,,Aspect,Preterit,F,Irregular stative with durante
SBC04,5,Female,Comparison,,30,0,10,2,40,10,50,25,23,A,39,40,1,estar,10180830,0,Canonical,,,,Aspect,Preterit,H,Irregular stative with entre
SBC04,5,Female,Comparison,,30,0,10,2,40,10,50,25,23,A,25,42,1,faltar,182742,1,DativeExp,,,,Aspect,Preterit,E,Regular stative with durante
SBC04,5,Female,Comparison,,30,0,10,2,40,10,50,25,23,A,35,45,0,doler,69627,1,DativeExp,,,,Aspect,Preterit,G,Regular stative with entre
SBC04,5,Female,Comparison,,30,0,10,2,40,10,50,25,23,A,30,47,0,creer,537246,0,Canonical,,,,Aspect,Preterit,F,Irregular stative with durante
SBC04,5,Female,Comparison,,30,0,10,2,40,10,50,25,23,A,40,50,1,haber,7679109,0,Canonical,,,,Aspect,Preterit,H,Irregular stative with entre
SBC05,13,Female,Comparison,,41,0,39,39,40,10,45,8,24,B,40,2,1,haber,7679109,0,Canonical,,,,Aspect,Preterit,H,Irregular stative with entre
SBC05,13,Female,Comparison,,41,0,39,39,40,10,45,8,24,B,30,4,0,creer,537246,0,Canonical,,,,Aspect,Preterit,F,Irregular stative with durante
SBC05,13,Female,Comparison,,41,0,39,39,40,10,45,8,24,B,35,7,0,doler,69627,1,DativeExp,,,,Aspect,Preterit,G,Regular stative with entre
SBC05,13,Female,Comparison,,41,0,39,39,40,10,45,8,24,B,25,9,1,faltar,182742,1,DativeExp,,,,Aspect,Preterit,E,Regular stative with durante
SBC05,13,Female,Comparison,,41,0,39,39,40,10,45,8,24,B,39,12,1,estar,10180830,0,Canonical,,,,Aspect,Preterit,H,Irregular stative with entre
SBC05,13,Female,Comparison,,41,0,39,39,40,10,45,8,24,B,29,14,1,tener,8031798,0,Canonical,,,,Aspect,Preterit,F,Irregular stative with durante
SBC05,13,Female,Comparison,,41,0,39,39,40,10,45,8,24,B,34,17,1,vivir,599425,1,Canonical,,,,Aspect,Preterit,G,Regular stative with entre
SBC05,13,Female,Comparison,,41,0,39,39,40,10,45,8,24,B,24,19,0,gustar,541858,1,DativeExp,,,,Aspect,Preterit,E,Regular stative with durante
SBC05,13,Female,Comparison,,41,0,39,39,40,10,45,8,24,B,38,22,0,creer,537246,0,Canonical,,,,Aspect,Preterit,H,Irregular stative with entre
SBC05,13,Female,Comparison,,41,0,39,39,40,10,45,8,24,B,28,24,1,excluir,53412,0,Canonical,,,,Aspect,Preterit,F,Irregular stative with durante
SBC05,13,Female,Comparison,,41,0,39,39,40,10,45,8,24,B,33,27,0,faltar,182742,1,DativeExp,,,,Aspect,Preterit,G,Regular stative with entre
SBC05,13,Female,Comparison,,41,0,39,39,40,10,45,8,24,B,23,29,1,vivir,599425,1,Canonical,,,,Aspect,Preterit,E,Regular stative with durante
SBC05,13,Female,Comparison,,41,0,39,39,40,10,45,8,24,B,37,32,1,tener,8031798,0,Canonical,,,,Aspect,Preterit,H,Irregular stative with entre
SBC05,13,Female,Comparison,,41,0,39,39,40,10,45,8,24,B,27,34,1,estar,10180830,0,Canonical,,,,Aspect,Preterit,F,Irregular stative with durante
SBC05,13,Female,Comparison,,41,0,39,39,40,10,45,8,24,B,32,37,0,amar,80242,1,Canonical,,,,Aspect,Preterit,G,Regular stative with entre
SBC05,13,Female,Comparison,,41,0,39,39,40,10,45,8,24,B,22,39,0,amar,80242,1,Canonical,,,,Aspect,Preterit,E,Regular stative with durante
SBC05,13,Female,Comparison,,41,0,39,39,40,10,45,8,24,B,36,42,1,tener,8031798,0,Canonical,,,,Aspect,Preterit,H,Irregular stative with entre
SBC05,13,Female,Comparison,,41,0,39,39,40,10,45,8,24,B,26,44,1,haber,7679109,0,Canonical,,,,Aspect,Preterit,F,Irregular stative with durante
SBC05,13,Female,Comparison,,41,0,39,39,40,10,45,8,24,B,31,47,0,gustar,541858,1,DativeExp,,,,Aspect,Preterit,G,Regular stative with entre
SBC05,13,Female,Comparison,,41,0,39,39,40,10,45,8,24,B,21,49,0,doler,69627,1,DativeExp,,,,Aspect,Preterit,E,Regular stative with durante
SBC06,15,Female,Comparison,,34,0,12,12,40,8,46,18,18,B,40,2,1,haber,7679109,0,Canonical,,,,Aspect,Preterit,H,Irregular stative with entre
SBC06,15,Female,Comparison,,34,0,12,12,40,8,46,18,18,B,30,4,0,creer,537246,0,Canonical,,,,Aspect,Preterit,F,Irregular stative with durante
SBC06,15,Female,Comparison,,34,0,12,12,40,8,46,18,18,B,35,7,1,doler,69627,1,DativeExp,,,,Aspect,Preterit,G,Regular stative with entre
SBC06,15,Female,Comparison,,34,0,12,12,40,8,46,18,18,B,25,9,0,faltar,182742,1,DativeExp,,,,Aspect,Preterit,E,Regular stative with durante
SBC06,15,Female,Comparison,,34,0,12,12,40,8,46,18,18,B,39,12,1,estar,10180830,0,Canonical,,,,Aspect,Preterit,H,Irregular stative with entre
SBC06,15,Female,Comparison,,34,0,12,12,40,8,46,18,18,B,29,14,1,tener,8031798,0,Canonical,,,,Aspect,Preterit,F,Irregular stative with durante
SBC06,15,Female,Comparison,,34,0,12,12,40,8,46,18,18,B,34,17,1,vivir,599425,1,Canonical,,,,Aspect,Preterit,G,Regular stative with entre
SBC06,15,Female,Comparison,,34,0,12,12,40,8,46,18,18,B,24,19,0,gustar,541858,1,DativeExp,,,,Aspect,Preterit,E,Regular stative with durante
SBC06,15,Female,Comparison,,34,0,12,12,40,8,46,18,18,B,38,22,0,creer,537246,0,Canonical,,,,Aspect,Preterit,H,Irregular stative with entre
SBC06,15,Female,Comparison,,34,0,12,12,40,8,46,18,18,B,28,24,1,excluir,53412,0,Canonical,,,,Aspect,Preterit,F,Irregular stative with durante
SBC06,15,Female,Comparison,,34,0,12,12,40,8,46,18,18,B,33,27,1,faltar,182742,1,DativeExp,,,,Aspect,Preterit,G,Regular stative with entre
SBC06,15,Female,Comparison,,34,0,12,12,40,8,46,18,18,B,23,29,1,vivir,599425,1,Canonical,,,,Aspect,Preterit,E,Regular stative with durante
SBC06,15,Female,Comparison,,34,0,12,12,40,8,46,18,18,B,37,32,1,tener,8031798,0,Canonical,,,,Aspect,Preterit,H,Irregular stative with entre
SBC06,15,Female,Comparison,,34,0,12,12,40,8,46,18,18,B,27,34,1,estar,10180830,0,Canonical,,,,Aspect,Preterit,F,Irregular stative with durante
SBC06,15,Female,Comparison,,34,0,12,12,40,8,46,18,18,B,32,37,0,amar,80242,1,Canonical,,,,Aspect,Preterit,G,Regular stative with entre
SBC06,15,Female,Comparison,,34,0,12,12,40,8,46,18,18,B,22,39,1,amar,80242,1,Canonical,,,,Aspect,Preterit,E,Regular stative with durante
SBC06,15,Female,Comparison,,34,0,12,12,40,8,46,18,18,B,36,42,1,tener,8031798,0,Canonical,,,,Aspect,Preterit,H,Irregular stative with entre
SBC06,15,Female,Comparison,,34,0,12,12,40,8,46,18,18,B,26,44,1,haber,7679109,0,Canonical,,,,Aspect,Preterit,F,Irregular stative with durante
SBC06,15,Female,Comparison,,34,0,12,12,40,8,46,18,18,B,31,47,1,gustar,541858,1,DativeExp,,,,Aspect,Preterit,G,Regular stative with entre
SBC06,15,Female,Comparison,,34,0,12,12,40,8,46,18,18,B,21,49,1,doler,69627,1,DativeExp,,,,Aspect,Preterit,E,Regular stative with durante
SBC07,12,Female,Comparison,,25,0,,8,40,6,48,12,10,A,21,2,0,doler,69627,1,DativeExp,,,,Aspect,Preterit,E,Regular stative with durante
SBC07,12,Female,Comparison,,25,0,,8,40,6,48,12,10,A,31,5,1,gustar,541858,1,DativeExp,,,,Aspect,Preterit,G,Regular stative with entre
SBC07,12,Female,Comparison,,25,0,,8,40,6,48,12,10,A,26,7,1,haber,7679109,0,Canonical,,,,Aspect,Preterit,F,Irregular stative with durante
SBC07,12,Female,Comparison,,25,0,,8,40,6,48,12,10,A,38,10,1,excluir,53412,0,Canonical,,,,Aspect,Preterit,H,Irregular stative with entre
SBC07,12,Female,Comparison,,25,0,,8,40,6,48,12,10,A,22,12,0,amar,80242,1,Canonical,,,,Aspect,Preterit,E,Regular stative with durante
SBC07,12,Female,Comparison,,25,0,,8,40,6,48,12,10,A,32,15,1,amar,80242,1,Canonical,,,,Aspect,Preterit,G,Regular stative with entre
SBC07,12,Female,Comparison,,25,0,,8,40,6,48,12,10,A,27,17,1,estar,10180830,0,Canonical,,,,Aspect,Preterit,F,Irregular stative with durante
SBC07,12,Female,Comparison,,25,0,,8,40,6,48,12,10,A,37,20,1,tener,8031798,0,Canonical,,,,Aspect,Preterit,H,Irregular stative with entre
SBC07,12,Female,Comparison,,25,0,,8,40,6,48,12,10,A,23,22,1,vivir,599425,1,Canonical,,,,Aspect,Preterit,E,Regular stative with durante
SBC07,12,Female,Comparison,,25,0,,8,40,6,48,12,10,A,33,25,1,faltar,182742,1,DativeExp,,,,Aspect,Preterit,G,Regular stative with entre
SBC07,12,Female,Comparison,,25,0,,8,40,6,48,12,10,A,28,27,1,excluir,53412,0,Canonical,,,,Aspect,Preterit,F,Irregular stative with durante
SBC07,12,Female,Comparison,,25,0,,8,40,6,48,12,10,A,38,30,0,creer,537246,0,Canonical,,,,Aspect,Preterit,H,Irregular stative with entre
SBC07,12,Female,Comparison,,25,0,,8,40,6,48,12,10,A,24,32,0,gustar,541858,1,DativeExp,,,,Aspect,Preterit,E,Regular stative with durante
SBC07,12,Female,Comparison,,25,0,,8,40,6,48,12,10,A,34,35,1,vivir,599425,1,Canonical,,,,Aspect,Preterit,G,Regular stative with entre
SBC07,12,Female,Comparison,,25,0,,8,40,6,48,12,10,A,29,37,1,tener,8031798,0,Canonical,,,,Aspect,Preterit,F,Irregular stative with durante
SBC07,12,Female,Comparison,,25,0,,8,40,6,48,12,10,A,39,40,1,estar,10180830,0,Canonical,,,,Aspect,Preterit,H,Irregular stative with entre
SBC07,12,Female,Comparison,,25,0,,8,40,6,48,12,10,A,25,42,1,faltar,182742,1,DativeExp,,,,Aspect,Preterit,E,Regular stative with durante
SBC07,12,Female,Comparison,,25,0,,8,40,6,48,12,10,A,35,45,0,doler,69627,1,DativeExp,,,,Aspect,Preterit,G,Regular stative with entre
SBC07,12,Female,Comparison,,25,0,,8,40,6,48,12,10,A,30,47,1,creer,537246,0,Canonical,,,,Aspect,Preterit,F,Irregular stative with durante
SBC07,12,Female,Comparison,,25,0,,8,40,6,48,12,10,A,40,50,1,haber,7679109,0,Canonical,,,,Aspect,Preterit,H,Irregular stative with entre
SBC08,59,Female,Comparison,,45,0,18,18,40,10,47,13,13,A,21,2,0,doler,69627,1,DativeExp,,,,Aspect,Preterit,E,Regular stative with durante
SBC08,59,Female,Comparison,,45,0,18,18,40,10,47,13,13,A,31,5,1,gustar,541858,1,DativeExp,,,,Aspect,Preterit,G,Regular stative with entre
SBC08,59,Female,Comparison,,45,0,18,18,40,10,47,13,13,A,26,7,0,haber,7679109,0,Canonical,,,,Aspect,Preterit,F,Irregular stative with durante
SBC08,59,Female,Comparison,,45,0,18,18,40,10,47,13,13,A,38,10,0,excluir,53412,0,Canonical,,,,Aspect,Preterit,H,Irregular stative with entre
SBC08,59,Female,Comparison,,45,0,18,18,40,10,47,13,13,A,22,12,0,amar,80242,1,Canonical,,,,Aspect,Preterit,E,Regular stative with durante
SBC08,59,Female,Comparison,,45,0,18,18,40,10,47,13,13,A,32,15,0,amar,80242,1,Canonical,,,,Aspect,Preterit,G,Regular stative with entre
SBC08,59,Female,Comparison,,45,0,18,18,40,10,47,13,13,A,27,17,0,estar,10180830,0,Canonical,,,,Aspect,Preterit,F,Irregular stative with durante
SBC08,59,Female,Comparison,,45,0,18,18,40,10,47,13,13,A,37,20,1,tener,8031798,0,Canonical,,,,Aspect,Preterit,H,Irregular stative with entre
SBC08,59,Female,Comparison,,45,0,18,18,40,10,47,13,13,A,23,22,1,vivir,599425,1,Canonical,,,,Aspect,Preterit,E,Regular stative with durante
SBC08,59,Female,Comparison,,45,0,18,18,40,10,47,13,13,A,33,25,0,faltar,182742,1,DativeExp,,,,Aspect,Preterit,G,Regular stative with entre
SBC08,59,Female,Comparison,,45,0,18,18,40,10,47,13,13,A,28,27,1,excluir,53412,0,Canonical,,,,Aspect,Preterit,F,Irregular stative with durante
SBC08,59,Female,Comparison,,45,0,18,18,40,10,47,13,13,A,38,30,1,creer,537246,0,Canonical,,,,Aspect,Preterit,H,Irregular stative with entre
SBC08,59,Female,Comparison,,45,0,18,18,40,10,47,13,13,A,24,32,0,gustar,541858,1,DativeExp,,,,Aspect,Preterit,E,Regular stative with durante
SBC08,59,Female,Comparison,,45,0,18,18,40,10,47,13,13,A,34,35,1,vivir,599425,1,Canonical,,,,Aspect,Preterit,G,Regular stative with entre
SBC08,59,Female,Comparison,,45,0,18,18,40,10,47,13,13,A,29,37,1,tener,8031798,0,Canonical,,,,Aspect,Preterit,F,Irregular stative with durante
SBC08,59,Female,Comparison,,45,0,18,18,40,10,47,13,13,A,39,40,0,estar,10180830,0,Canonical,,,,Aspect,Preterit,H,Irregular stative with entre
SBC08,59,Female,Comparison,,45,0,18,18,40,10,47,13,13,A,25,42,0,faltar,182742,1,DativeExp,,,,Aspect,Preterit,E,Regular stative with durante
SBC08,59,Female,Comparison,,45,0,18,18,40,10,47,13,13,A,35,45,0,doler,69627,1,DativeExp,,,,Aspect,Preterit,G,Regular stative with entre
SBC08,59,Female,Comparison,,45,0,18,18,40,10,47,13,13,A,30,47,0,creer,537246,0,Canonical,,,,Aspect,Preterit,F,Irregular stative with durante
SBC08,59,Female,Comparison,,45,0,18,18,40,10,47,13,13,A,40,50,0,haber,7679109,0,Canonical,,,,Aspect,Preterit,H,Irregular stative with entre
SBC09,61,Female,Comparison,,48,0,16,21,40,10,47,14,14,A,21,2,0,doler,69627,1,DativeExp,,,,Aspect,Preterit,E,Regular stative with durante
SBC09,61,Female,Comparison,,48,0,16,21,40,10,47,14,14,A,31,5,0,gustar,541858,1,DativeExp,,,,Aspect,Preterit,G,Regular stative with entre
SBC09,61,Female,Comparison,,48,0,16,21,40,10,47,14,14,A,26,7,1,haber,7679109,0,Canonical,,,,Aspect,Preterit,F,Irregular stative with durante
SBC09,61,Female,Comparison,,48,0,16,21,40,10,47,14,14,A,38,10,1,excluir,53412,0,Canonical,,,,Aspect,Preterit,H,Irregular stative with entre
SBC09,61,Female,Comparison,,48,0,16,21,40,10,47,14,14,A,22,12,0,amar,80242,1,Canonical,,,,Aspect,Preterit,E,Regular stative with durante
SBC09,61,Female,Comparison,,48,0,16,21,40,10,47,14,14,A,32,15,0,amar,80242,1,Canonical,,,,Aspect,Preterit,G,Regular stative with entre
SBC09,61,Female,Comparison,,48,0,16,21,40,10,47,14,14,A,27,17,1,estar,10180830,0,Canonical,,,,Aspect,Preterit,F,Irregular stative with durante
SBC09,61,Female,Comparison,,48,0,16,21,40,10,47,14,14,A,37,20,1,tener,8031798,0,Canonical,,,,Aspect,Preterit,H,Irregular stative with entre
SBC09,61,Female,Comparison,,48,0,16,21,40,10,47,14,14,A,23,22,1,vivir,599425,1,Canonical,,,,Aspect,Preterit,E,Regular stative with durante
SBC09,61,Female,Comparison,,48,0,16,21,40,10,47,14,14,A,33,25,0,faltar,182742,1,DativeExp,,,,Aspect,Preterit,G,Regular stative with entre
SBC09,61,Female,Comparison,,48,0,16,21,40,10,47,14,14,A,28,27,1,excluir,53412,0,Canonical,,,,Aspect,Preterit,F,Irregular stative with durante
SBC09,61,Female,Comparison,,48,0,16,21,40,10,47,14,14,A,38,30,0,creer,537246,0,Canonical,,,,Aspect,Preterit,H,Irregular stative with entre
SBC09,61,Female,Comparison,,48,0,16,21,40,10,47,14,14,A,24,32,0,gustar,541858,1,DativeExp,,,,Aspect,Preterit,E,Regular stative with durante
SBC09,61,Female,Comparison,,48,0,16,21,40,10,47,14,14,A,34,35,1,vivir,599425,1,Canonical,,,,Aspect,Preterit,G,Regular stative with entre
SBC09,61,Female,Comparison,,48,0,16,21,40,10,47,14,14,A,29,37,1,tener,8031798,0,Canonical,,,,Aspect,Preterit,F,Irregular stative with durante
SBC09,61,Female,Comparison,,48,0,16,21,40,10,47,14,14,A,39,40,0,estar,10180830,0,Canonical,,,,Aspect,Preterit,H,Irregular stative with entre
SBC09,61,Female,Comparison,,48,0,16,21,40,10,47,14,14,A,25,42,0,faltar,182742,1,DativeExp,,,,Aspect,Preterit,E,Regular stative with durante
SBC09,61,Female,Comparison,,48,0,16,21,40,10,47,14,14,A,35,45,0,doler,69627,1,DativeExp,,,,Aspect,Preterit,G,Regular stative with entre
SBC09,61,Female,Comparison,,48,0,16,21,40,10,47,14,14,A,30,47,1,creer,537246,0,Canonical,,,,Aspect,Preterit,F,Irregular stative with durante
SBC09,61,Female,Comparison,,48,0,16,21,40,10,47,14,14,A,40,50,1,haber,7679109,0,Canonical,,,,Aspect,Preterit,H,Irregular stative with entre
SBC10,64,Female,Comparison,,50,0,28,28,40,10,47,22,22,B,40,2,1,haber,7679109,0,Canonical,,,,Aspect,Preterit,H,Irregular stative with entre
SBC10,64,Female,Comparison,,50,0,28,28,40,10,47,22,22,B,30,4,1,creer,537246,0,Canonical,,,,Aspect,Preterit,F,Irregular stative with durante
SBC10,64,Female,Comparison,,50,0,28,28,40,10,47,22,22,B,35,7,1,doler,69627,1,DativeExp,,,,Aspect,Preterit,G,Regular stative with entre
SBC10,64,Female,Comparison,,50,0,28,28,40,10,47,22,22,B,25,9,1,faltar,182742,1,DativeExp,,,,Aspect,Preterit,E,Regular stative with durante
SBC10,64,Female,Comparison,,50,0,28,28,40,10,47,22,22,B,39,12,0,estar,10180830,0,Canonical,,,,Aspect,Preterit,H,Irregular stative with entre
SBC10,64,Female,Comparison,,50,0,28,28,40,10,47,22,22,B,29,14,1,tener,8031798,0,Canonical,,,,Aspect,Preterit,F,Irregular stative with durante
SBC10,64,Female,Comparison,,50,0,28,28,40,10,47,22,22,B,34,17,1,vivir,599425,1,Canonical,,,,Aspect,Preterit,G,Regular stative with entre
SBC10,64,Female,Comparison,,50,0,28,28,40,10,47,22,22,B,24,19,1,gustar,541858,1,DativeExp,,,,Aspect,Preterit,E,Regular stative with durante
SBC10,64,Female,Comparison,,50,0,28,28,40,10,47,22,22,B,38,22,1,creer,537246,0,Canonical,,,,Aspect,Preterit,H,Irregular stative with entre
SBC10,64,Female,Comparison,,50,0,28,28,40,10,47,22,22,B,28,24,1,excluir,53412,0,Canonical,,,,Aspect,Preterit,F,Irregular stative with durante
SBC10,64,Female,Comparison,,50,0,28,28,40,10,47,22,22,B,33,27,1,faltar,182742,1,DativeExp,,,,Aspect,Preterit,G,Regular stative with entre
SBC10,64,Female,Comparison,,50,0,28,28,40,10,47,22,22,B,23,29,1,vivir,599425,1,Canonical,,,,Aspect,Preterit,E,Regular stative with durante
SBC10,64,Female,Comparison,,50,0,28,28,40,10,47,22,22,B,37,32,1,tener,8031798,0,Canonical,,,,Aspect,Preterit,H,Irregular stative with entre
SBC10,64,Female,Comparison,,50,0,28,28,40,10,47,22,22,B,27,34,1,estar,10180830,0,Canonical,,,,Aspect,Preterit,F,Irregular stative with durante
SBC10,64,Female,Comparison,,50,0,28,28,40,10,47,22,22,B,32,37,1,amar,80242,1,Canonical,,,,Aspect,Preterit,G,Regular stative with entre
SBC10,64,Female,Comparison,,50,0,28,28,40,10,47,22,22,B,22,39,1,amar,80242,1,Canonical,,,,Aspect,Preterit,E,Regular stative with durante
SBC10,64,Female,Comparison,,50,0,28,28,40,10,47,22,22,B,36,42,1,tener,8031798,0,Canonical,,,,Aspect,Preterit,H,Irregular stative with entre
SBC10,64,Female,Comparison,,50,0,28,28,40,10,47,22,22,B,26,44,1,haber,7679109,0,Canonical,,,,Aspect,Preterit,F,Irregular stative with durante
SBC10,64,Female,Comparison,,50,0,28,28,40,10,47,22,22,B,31,47,1,gustar,541858,1,DativeExp,,,,Aspect,Preterit,G,Regular stative with entre
SBC10,64,Female,Comparison,,50,0,28,28,40,10,47,22,22,B,21,49,1,doler,69627,1,DativeExp,,,,Aspect,Preterit,E,Regular stative with durante
SBC11,79,Female,Comparison,,51,0,32,32,40,10,47,23,23,A,21,2,1,doler,69627,1,DativeExp,,,,Aspect,Preterit,E,Regular stative with durante
SBC11,79,Female,Comparison,,51,0,32,32,40,10,47,23,23,A,31,5,1,gustar,541858,1,DativeExp,,,,Aspect,Preterit,G,Regular stative with entre
SBC11,79,Female,Comparison,,51,0,32,32,40,10,47,23,23,A,26,7,0,haber,7679109,0,Canonical,,,,Aspect,Preterit,F,Irregular stative with durante
SBC11,79,Female,Comparison,,51,0,32,32,40,10,47,23,23,A,38,10,0,excluir,53412,0,Canonical,,,,Aspect,Preterit,H,Irregular stative with entre
SBC11,79,Female,Comparison,,51,0,32,32,40,10,47,23,23,A,22,12,1,amar,80242,1,Canonical,,,,Aspect,Preterit,E,Regular stative with durante
SBC11,79,Female,Comparison,,51,0,32,32,40,10,47,23,23,A,32,15,0,amar,80242,1,Canonical,,,,Aspect,Preterit,G,Regular stative with entre
SBC11,79,Female,Comparison,,51,0,32,32,40,10,47,23,23,A,27,17,1,estar,10180830,0,Canonical,,,,Aspect,Preterit,F,Irregular stative with durante
SBC11,79,Female,Comparison,,51,0,32,32,40,10,47,23,23,A,37,20,1,tener,8031798,0,Canonical,,,,Aspect,Preterit,H,Irregular stative with entre
SBC11,79,Female,Comparison,,51,0,32,32,40,10,47,23,23,A,23,22,1,vivir,599425,1,Canonical,,,,Aspect,Preterit,E,Regular stative with durante
SBC11,79,Female,Comparison,,51,0,32,32,40,10,47,23,23,A,33,25,1,faltar,182742,1,DativeExp,,,,Aspect,Preterit,G,Regular stative with entre
SBC11,79,Female,Comparison,,51,0,32,32,40,10,47,23,23,A,28,27,1,excluir,53412,0,Canonical,,,,Aspect,Preterit,F,Irregular stative with durante
SBC11,79,Female,Comparison,,51,0,32,32,40,10,47,23,23,A,38,30,0,creer,537246,0,Canonical,,,,Aspect,Preterit,H,Irregular stative with entre
SBC11,79,Female,Comparison,,51,0,32,32,40,10,47,23,23,A,24,32,0,gustar,541858,1,DativeExp,,,,Aspect,Preterit,E,Regular stative with durante
SBC11,79,Female,Comparison,,51,0,32,32,40,10,47,23,23,A,34,35,1,vivir,599425,1,Canonical,,,,Aspect,Preterit,G,Regular stative with entre
SBC11,79,Female,Comparison,,51,0,32,32,40,10,47,23,23,A,29,37,0,tener,8031798,0,Canonical,,,,Aspect,Preterit,F,Irregular stative with durante
SBC11,79,Female,Comparison,,51,0,32,32,40,10,47,23,23,A,39,40,0,estar,10180830,0,Canonical,,,,Aspect,Preterit,H,Irregular stative with entre
SBC11,79,Female,Comparison,,51,0,32,32,40,10,47,23,23,A,25,42,1,faltar,182742,1,DativeExp,,,,Aspect,Preterit,E,Regular stative with durante
SBC11,79,Female,Comparison,,51,0,32,32,40,10,47,23,23,A,35,45,0,doler,69627,1,DativeExp,,,,Aspect,Preterit,G,Regular stative with entre
SBC11,79,Female,Comparison,,51,0,32,32,40,10,47,23,23,A,30,47,1,creer,537246,0,Canonical,,,,Aspect,Preterit,F,Irregular stative with durante
SBC11,79,Female,Comparison,,51,0,32,32,40,10,47,23,23,A,40,50,0,haber,7679109,0,Canonical,,,,Aspect,Preterit,H,Irregular stative with entre