Participant_ID,Seq_part,Gender,ExpGroup,HerGroup,Age,AoA_SPA,AoA_ENG,LOR,SelfProf,SelfDom,DELE,FofA_Prod,FofA_Comp,Battery,Item,Seq_Item,Average,MainVerb,Token_Main_Lemma,Token_Main_Pret,Token_Main_Imp,Type_Main,Syntax_Main,SubVerb,Token_Sub,Morpheme,Property,Condition,Condition_Exp
SBC01,14,Male,Comparison,,29,0,,26,40,7,47,21,21,A,20,3,1,valorar,113028,,,1,Canonical,viajar,78141,Mood,Subjunctive,D,[–F/–F]
SBC01,14,Male,Comparison,,29,0,,26,40,7,47,21,21,A,10,5,1,pedir,432187,,,0,Canonical,tratar,590952,Mood,Subjunctive,B,[+F/–F]
SBC01,14,Male,Comparison,,29,0,,26,40,7,47,21,21,A,15,8,1,desear,148807,,,1,Canonical,robar,28182,Mood,Subjunctive,C,[–F/+F]
SBC01,14,Male,Comparison,,29,0,,26,40,7,47,21,21,A,5,10,1,esperar,1409514,,,1,Canonical,enviar,766523,Mood,Subjunctive,A,[+F/+F]
SBC01,14,Male,Comparison,,29,0,,26,40,7,47,21,21,A,19,13,1,ordenar,65158,,,1,Canonical,prestar,73724,Mood,Subjunctive,D,[–F/–F]
SBC01,14,Male,Comparison,,29,0,,26,40,7,47,21,21,A,9,15,1,necesitar,593469,,,1,Canonical,enviar,766523,Mood,Subjunctive,B,[+F/–F]
SBC01,14,Male,Comparison,,29,0,,26,40,7,47,21,21,A,14,18,0,conseguir,129144,,,0,Canonical,viajar,78141,Mood,Subjunctive,C,[–F/+F]
SBC01,14,Male,Comparison,,29,0,,26,40,7,47,21,21,A,4,20,1,querer,1263949,,,0,Canonical,quedar,947469,Mood,Subjunctive,A,[+F/+F]
SBC01,14,Male,Comparison,,29,0,,26,40,7,47,21,21,A,3,21,0,necesitar,593469,,,1,Canonical,tratar,590952,Mood,Subjunctive,A,[+F/+F]
SBC01,14,Male,Comparison,,29,0,,26,40,7,47,21,21,A,13,23,1,valorar,113028,,,1,Canonical,bailar,29935,Mood,Subjunctive,C,[–F/+F]
SBC01,14,Male,Comparison,,29,0,,26,40,7,47,21,21,A,8,26,0,permitir,935997,,,0,Canonical,quedar,947469,Mood,Subjunctive,B,[+F/–F]
SBC01,14,Male,Comparison,,29,0,,26,40,7,47,21,21,A,18,28,1,sugerir,88224,,,0,Canonical,atar,15876,Mood,Subjunctive,D,[–F/–F]
SBC01,14,Male,Comparison,,29,0,,26,40,7,47,21,21,A,4,31,0,querer,1263949,,,0,Canonical,quedar,947469,Mood,Subjunctive,A,[+F/+F]
SBC01,14,Male,Comparison,,29,0,,26,40,7,47,21,21,A,14,33,0,conseguir,129144,,,0,Canonical,viajar,78141,Mood,Subjunctive,C,[–F/+F]
SBC01,14,Male,Comparison,,29,0,,26,40,7,47,21,21,A,9,36,0,necesitar,593469,,,1,Canonical,enviar,766523,Mood,Subjunctive,B,[+F/–F]
SBC01,14,Male,Comparison,,29,0,,26,40,7,47,21,21,A,19,38,0,ordenar,65158,,,1,Canonical,prestar,73724,Mood,Subjunctive,D,[–F/–F]
SBC01,14,Male,Comparison,,29,0,,26,40,7,47,21,21,A,5,41,1,esperar,1409514,,,1,Canonical,enviar,766523,Mood,Subjunctive,A,[+F/+F]
SBC01,14,Male,Comparison,,29,0,,26,40,7,47,21,21,A,15,43,1,desear,148807,,,1,Canonical,robar,28182,Mood,Subjunctive,C,[–F/+F]
SBC01,14,Male,Comparison,,29,0,,26,40,7,47,21,21,A,10,46,0,pedir,432187,,,0,Canonical,tratar,590952,Mood,Subjunctive,B,[+F/–F]
SBC01,14,Male,Comparison,,29,0,,26,40,7,47,21,21,A,20,48,1,valorar,113028,,,1,Canonical,viajar,78141,Mood,Subjunctive,D,[–F/–F]
SBC02,4,Female,Comparison,,28,0,3,22,40,7,48,21,21,B,1,1,1,permitir,935997,,,0,Canonical,tomar,506707,Mood,Subjunctive,A,[+F/+F]
SBC02,4,Female,Comparison,,28,0,3,22,40,7,48,21,21,B,11,3,1,sugerir,88224,,,0,Canonical,prestar,73724,Mood,Subjunctive,C,[–F/+F]
SBC02,4,Female,Comparison,,28,0,3,22,40,7,48,21,21,B,6,6,1,querer,1263949,,,0,Canonical,dejar,696519,Mood,Subjunctive,B,[+F/–F]
SBC02,4,Female,Comparison,,28,0,3,22,40,7,48,21,21,B,16,8,1,desear,148807,,,1,Canonical,bailar,29935,Mood,Subjunctive,D,[–F/–F]
SBC02,4,Female,Comparison,,28,0,3,22,40,7,48,21,21,B,2,11,1,pedir,432187,,,0,Canonical,dejar,696519,Mood,Subjunctive,A,[+F/+F]
SBC02,4,Female,Comparison,,28,0,3,22,40,7,48,21,21,B,12,13,1,ordenar,65158,,,1,Canonical,atar,15876,Mood,Subjunctive,C,[–F/+F]
SBC02,4,Female,Comparison,,28,0,3,22,40,7,48,21,21,B,7,16,1,esperar,1409514,,,1,Canonical,atar,15876,Mood,Subjunctive,B,[+F/–F]
SBC02,4,Female,Comparison,,28,0,3,22,40,7,48,21,21,B,17,18,1,conseguir,129144,,,0,Canonical,robar,28182,Mood,Subjunctive,D,[–F/–F]
SBC02,4,Female,Comparison,,28,0,3,22,40,7,48,21,21,B,3,21,1,necesitar,593469,,,1,Canonical,tratar,590952,Mood,Subjunctive,A,[+F/+F]
SBC02,4,Female,Comparison,,28,0,3,22,40,7,48,21,21,B,13,23,1,valorar,113028,,,1,Canonical,bailar,29935,Mood,Subjunctive,C,[–F/+F]
SBC02,4,Female,Comparison,,28,0,3,22,40,7,48,21,21,B,8,26,1,permitir,935997,,,0,Canonical,quedar,947469,Mood,Subjunctive,B,[+F/–F]
SBC02,4,Female,Comparison,,28,0,3,22,40,7,48,21,21,B,18,28,1,sugerir,88224,,,0,Canonical,atar,15876,Mood,Subjunctive,D,[–F/–F]
SBC02,4,Female,Comparison,,28,0,3,22,40,7,48,21,21,B,4,31,1,querer,1263949,,,0,Canonical,quedar,947469,Mood,Subjunctive,A,[+F/+F]
SBC02,4,Female,Comparison,,28,0,3,22,40,7,48,21,21,B,14,33,1,conseguir,129144,,,0,Canonical,viajar,78141,Mood,Subjunctive,C,[–F/+F]
SBC02,4,Female,Comparison,,28,0,3,22,40,7,48,21,21,B,9,36,1,necesitar,593469,,,1,Canonical,enviar,766523,Mood,Subjunctive,B,[+F/–F]
SBC02,4,Female,Comparison,,28,0,3,22,40,7,48,21,21,B,19,38,1,ordenar,65158,,,1,Canonical,prestar,73724,Mood,Subjunctive,D,[–F/–F]
SBC02,4,Female,Comparison,,28,0,3,22,40,7,48,21,21,B,5,41,1,esperar,1409514,,,1,Canonical,enviar,766523,Mood,Subjunctive,A,[+F/+F]
SBC02,4,Female,Comparison,,28,0,3,22,40,7,48,21,21,B,15,43,1,desear,148807,,,1,Canonical,robar,28182,Mood,Subjunctive,C,[–F/+F]
SBC02,4,Female,Comparison,,28,0,3,22,40,7,48,21,21,B,10,46,1,pedir,432187,,,0,Canonical,tratar,590952,Mood,Subjunctive,B,[+F/–F]
SBC02,4,Female,Comparison,,28,0,3,22,40,7,48,21,21,B,20,48,1,valorar,113028,,,1,Canonical,viajar,78141,Mood,Subjunctive,D,[–F/–F]
SBC03,8,Female,Comparison,,55,0,15,34,40,10,49,16,16,B,1,1,1,permitir,935997,,,0,Canonical,tomar,506707,Mood,Subjunctive,A,[+F/+F]
SBC03,8,Female,Comparison,,55,0,15,34,40,10,49,16,16,B,11,3,1,sugerir,88224,,,0,Canonical,prestar,73724,Mood,Subjunctive,C,[–F/+F]
SBC03,8,Female,Comparison,,55,0,15,34,40,10,49,16,16,B,6,6,1,querer,1263949,,,0,Canonical,dejar,696519,Mood,Subjunctive,B,[+F/–F]
SBC03,8,Female,Comparison,,55,0,15,34,40,10,49,16,16,B,16,8,1,desear,148807,,,1,Canonical,bailar,29935,Mood,Subjunctive,D,[–F/–F]
SBC03,8,Female,Comparison,,55,0,15,34,40,10,49,16,16,B,2,11,1,pedir,432187,,,0,Canonical,dejar,696519,Mood,Subjunctive,A,[+F/+F]
SBC03,8,Female,Comparison,,55,0,15,34,40,10,49,16,16,B,12,13,1,ordenar,65158,,,1,Canonical,atar,15876,Mood,Subjunctive,C,[–F/+F]
SBC03,8,Female,Comparison,,55,0,15,34,40,10,49,16,16,B,7,16,1,esperar,1409514,,,1,Canonical,atar,15876,Mood,Subjunctive,B,[+F/–F]
SBC03,8,Female,Comparison,,55,0,15,34,40,10,49,16,16,B,17,18,1,conseguir,129144,,,0,Canonical,robar,28182,Mood,Subjunctive,D,[–F/–F]
SBC03,8,Female,Comparison,,55,0,15,34,40,10,49,16,16,B,3,21,1,necesitar,593469,,,1,Canonical,tratar,590952,Mood,Subjunctive,A,[+F/+F]
SBC03,8,Female,Comparison,,55,0,15,34,40,10,49,16,16,B,13,23,1,valorar,113028,,,1,Canonical,bailar,29935,Mood,Subjunctive,C,[–F/+F]
SBC03,8,Female,Comparison,,55,0,15,34,40,10,49,16,16,B,8,26,1,permitir,935997,,,0,Canonical,quedar,947469,Mood,Subjunctive,B,[+F/–F]
SBC03,8,Female,Comparison,,55,0,15,34,40,10,49,16,16,B,18,28,1,sugerir,88224,,,0,Canonical,atar,15876,Mood,Subjunctive,D,[–F/–F]
SBC03,8,Female,Comparison,,55,0,15,34,40,10,49,16,16,B,4,31,1,querer,1263949,,,0,Canonical,quedar,947469,Mood,Subjunctive,A,[+F/+F]
SBC03,8,Female,Comparison,,55,0,15,34,40,10,49,16,16,B,14,33,1,conseguir,129144,,,0,Canonical,viajar,78141,Mood,Subjunctive,C,[–F/+F]
SBC03,8,Female,Comparison,,55,0,15,34,40,10,49,16,16,B,9,36,1,necesitar,593469,,,1,Canonical,enviar,766523,Mood,Subjunctive,B,[+F/–F]
SBC03,8,Female,Comparison,,55,0,15,34,40,10,49,16,16,B,19,38,1,ordenar,65158,,,1,Canonical,prestar,73724,Mood,Subjunctive,D,[–F/–F]
SBC03,8,Female,Comparison,,55,0,15,34,40,10,49,16,16,B,5,41,1,esperar,1409514,,,1,Canonical,enviar,766523,Mood,Subjunctive,A,[+F/+F]
SBC03,8,Female,Comparison,,55,0,15,34,40,10,49,16,16,B,15,43,1,desear,148807,,,1,Canonical,robar,28182,Mood,Subjunctive,C,[–F/+F]
SBC03,8,Female,Comparison,,55,0,15,34,40,10,49,16,16,B,10,46,1,pedir,432187,,,0,Canonical,tratar,590952,Mood,Subjunctive,B,[+F/–F]
SBC03,8,Female,Comparison,,55,0,15,34,40,10,49,16,16,B,20,48,1,valorar,113028,,,1,Canonical,viajar,78141,Mood,Subjunctive,D,[–F/–F]
SBC04,5,Female,Comparison,,30,0,10,2,40,10,50,25,23,A,1,1,1,permitir,935997,,,0,Canonical,tomar,506707,Mood,Subjunctive,A,[+F/+F]
SBC04,5,Female,Comparison,,30,0,10,2,40,10,50,25,23,A,11,3,1,sugerir,88224,,,0,Canonical,prestar,73724,Mood,Subjunctive,C,[–F/+F]
SBC04,5,Female,Comparison,,30,0,10,2,40,10,50,25,23,A,6,6,1,querer,1263949,,,0,Canonical,dejar,696519,Mood,Subjunctive,B,[+F/–F]
SBC04,5,Female,Comparison,,30,0,10,2,40,10,50,25,23,A,16,8,1,desear,148807,,,1,Canonical,bailar,29935,Mood,Subjunctive,D,[–F/–F]
SBC04,5,Female,Comparison,,30,0,10,2,40,10,50,25,23,A,2,11,1,pedir,432187,,,0,Canonical,dejar,696519,Mood,Subjunctive,A,[+F/+F]
SBC04,5,Female,Comparison,,30,0,10,2,40,10,50,25,23,A,12,13,1,ordenar,65158,,,1,Canonical,atar,15876,Mood,Subjunctive,C,[–F/+F]
SBC04,5,Female,Comparison,,30,0,10,2,40,10,50,25,23,A,7,16,1,esperar,1409514,,,1,Canonical,atar,15876,Mood,Subjunctive,B,[+F/–F]
SBC04,5,Female,Comparison,,30,0,10,2,40,10,50,25,23,A,17,18,1,conseguir,129144,,,0,Canonical,robar,28182,Mood,Subjunctive,D,[–F/–F]
SBC04,5,Female,Comparison,,30,0,10,2,40,10,50,25,23,A,3,21,1,necesitar,593469,,,1,Canonical,tratar,590952,Mood,Subjunctive,A,[+F/+F]
SBC04,5,Female,Comparison,,30,0,10,2,40,10,50,25,23,A,13,23,1,valorar,113028,,,1,Canonical,bailar,29935,Mood,Subjunctive,C,[–F/+F]
SBC04,5,Female,Comparison,,30,0,10,2,40,10,50,25,23,A,8,26,1,permitir,935997,,,0,Canonical,quedar,947469,Mood,Subjunctive,B,[+F/–F]
SBC04,5,Female,Comparison,,30,0,10,2,40,10,50,25,23,A,18,28,1,sugerir,88224,,,0,Canonical,atar,15876,Mood,Subjunctive,D,[–F/–F]
SBC04,5,Female,Comparison,,30,0,10,2,40,10,50,25,23,A,4,31,1,querer,1263949,,,0,Canonical,quedar,947469,Mood,Subjunctive,A,[+F/+F]
SBC04,5,Female,Comparison,,30,0,10,2,40,10,50,25,23,A,14,33,1,conseguir,129144,,,0,Canonical,viajar,78141,Mood,Subjunctive,C,[–F/+F]
SBC04,5,Female,Comparison,,30,0,10,2,40,10,50,25,23,A,9,36,1,necesitar,593469,,,1,Canonical,enviar,766523,Mood,Subjunctive,B,[+F/–F]
SBC04,5,Female,Comparison,,30,0,10,2,40,10,50,25,23,A,19,38,1,ordenar,65158,,,1,Canonical,prestar,73724,Mood,Subjunctive,D,[–F/–F]
SBC04,5,Female,Comparison,,30,0,10,2,40,10,50,25,23,A,5,41,1,esperar,1409514,,,1,Canonical,enviar,766523,Mood,Subjunctive,A,[+F/+F]
SBC04,5,Female,Comparison,,30,0,10,2,40,10,50,25,23,A,15,43,1,desear,148807,,,1,Canonical,robar,28182,Mood,Subjunctive,C,[–F/+F]
SBC04,5,Female,Comparison,,30,0,10,2,40,10,50,25,23,A,10,46,1,pedir,432187,,,0,Canonical,tratar,590952,Mood,Subjunctive,B,[+F/–F]
SBC04,5,Female,Comparison,,30,0,10,2,40,10,50,25,23,A,20,48,1,valorar,113028,,,1,Canonical,viajar,78141,Mood,Subjunctive,D,[–F/–F]
SBC05,13,Female,Comparison,,41,0,39,39,40,10,45,8,24,B,1,1,1,permitir,935997,,,0,Canonical,tomar,506707,Mood,Subjunctive,A,[+F/+F]
SBC05,13,Female,Comparison,,41,0,39,39,40,10,45,8,24,B,11,3,1,sugerir,88224,,,0,Canonical,prestar,73724,Mood,Subjunctive,C,[–F/+F]
SBC05,13,Female,Comparison,,41,0,39,39,40,10,45,8,24,B,6,6,1,querer,1263949,,,0,Canonical,dejar,696519,Mood,Subjunctive,B,[+F/–F]
SBC05,13,Female,Comparison,,41,0,39,39,40,10,45,8,24,B,16,8,1,desear,148807,,,1,Canonical,bailar,29935,Mood,Subjunctive,D,[–F/–F]
SBC05,13,Female,Comparison,,41,0,39,39,40,10,45,8,24,B,2,11,0,pedir,432187,,,0,Canonical,dejar,696519,Mood,Subjunctive,A,[+F/+F]
SBC05,13,Female,Comparison,,41,0,39,39,40,10,45,8,24,B,12,13,1,ordenar,65158,,,1,Canonical,atar,15876,Mood,Subjunctive,C,[–F/+F]
SBC05,13,Female,Comparison,,41,0,39,39,40,10,45,8,24,B,7,16,1,esperar,1409514,,,1,Canonical,atar,15876,Mood,Subjunctive,B,[+F/–F]
SBC05,13,Female,Comparison,,41,0,39,39,40,10,45,8,24,B,17,18,1,conseguir,129144,,,0,Canonical,robar,28182,Mood,Subjunctive,D,[–F/–F]
SBC05,13,Female,Comparison,,41,0,39,39,40,10,45,8,24,B,3,21,1,necesitar,593469,,,1,Canonical,tratar,590952,Mood,Subjunctive,A,[+F/+F]
SBC05,13,Female,Comparison,,41,0,39,39,40,10,45,8,24,B,13,23,1,valorar,113028,,,1,Canonical,bailar,29935,Mood,Subjunctive,C,[–F/+F]
SBC05,13,Female,Comparison,,41,0,39,39,40,10,45,8,24,B,8,26,0,permitir,935997,,,0,Canonical,quedar,947469,Mood,Subjunctive,B,[+F/–F]
SBC05,13,Female,Comparison,,41,0,39,39,40,10,45,8,24,B,18,28,1,sugerir,88224,,,0,Canonical,atar,15876,Mood,Subjunctive,D,[–F/–F]
SBC05,13,Female,Comparison,,41,0,39,39,40,10,45,8,24,B,4,31,1,querer,1263949,,,0,Canonical,quedar,947469,Mood,Subjunctive,A,[+F/+F]
SBC05,13,Female,Comparison,,41,0,39,39,40,10,45,8,24,B,14,33,1,conseguir,129144,,,0,Canonical,viajar,78141,Mood,Subjunctive,C,[–F/+F]
SBC05,13,Female,Comparison,,41,0,39,39,40,10,45,8,24,B,9,36,1,necesitar,593469,,,1,Canonical,enviar,766523,Mood,Subjunctive,B,[+F/–F]
SBC05,13,Female,Comparison,,41,0,39,39,40,10,45,8,24,B,19,38,1,ordenar,65158,,,1,Canonical,prestar,73724,Mood,Subjunctive,D,[–F/–F]
SBC05,13,Female,Comparison,,41,0,39,39,40,10,45,8,24,B,5,41,1,esperar,1409514,,,1,Canonical,enviar,766523,Mood,Subjunctive,A,[+F/+F]
SBC05,13,Female,Comparison,,41,0,39,39,40,10,45,8,24,B,15,43,1,desear,148807,,,1,Canonical,robar,28182,Mood,Subjunctive,C,[–F/+F]
SBC05,13,Female,Comparison,,41,0,39,39,40,10,45,8,24,B,10,46,1,pedir,432187,,,0,Canonical,tratar,590952,Mood,Subjunctive,B,[+F/–F]
SBC05,13,Female,Comparison,,41,0,39,39,40,10,45,8,24,B,20,48,1,valorar,113028,,,1,Canonical,viajar,78141,Mood,Subjunctive,D,[–F/–F]
SBC06,15,Female,Comparison,,34,0,12,12,40,8,46,18,18,B,1,1,1,permitir,935997,,,0,Canonical,tomar,506707,Mood,Subjunctive,A,[+F/+F]
SBC06,15,Female,Comparison,,34,0,12,12,40,8,46,18,18,B,11,3,1,sugerir,88224,,,0,Canonical,prestar,73724,Mood,Subjunctive,C,[–F/+F]
SBC06,15,Female,Comparison,,34,0,12,12,40,8,46,18,18,B,6,6,1,querer,1263949,,,0,Canonical,dejar,696519,Mood,Subjunctive,B,[+F/–F]
SBC06,15,Female,Comparison,,34,0,12,12,40,8,46,18,18,B,16,8,1,desear,148807,,,1,Canonical,bailar,29935,Mood,Subjunctive,D,[–F/–F]
SBC06,15,Female,Comparison,,34,0,12,12,40,8,46,18,18,B,2,11,1,pedir,432187,,,0,Canonical,dejar,696519,Mood,Subjunctive,A,[+F/+F]
SBC06,15,Female,Comparison,,34,0,12,12,40,8,46,18,18,B,12,13,1,ordenar,65158,,,1,Canonical,atar,15876,Mood,Subjunctive,C,[–F/+F]
SBC06,15,Female,Comparison,,34,0,12,12,40,8,46,18,18,B,7,16,1,esperar,1409514,,,1,Canonical,atar,15876,Mood,Subjunctive,B,[+F/–F]
SBC06,15,Female,Comparison,,34,0,12,12,40,8,46,18,18,B,17,18,1,conseguir,129144,,,0,Canonical,robar,28182,Mood,Subjunctive,D,[–F/–F]
SBC06,15,Female,Comparison,,34,0,12,12,40,8,46,18,18,B,18,23,1,sugerir,88224,,,0,Canonical,atar,15876,Mood,Subjunctive,D,[–F/–F]
SBC06,15,Female,Comparison,,34,0,12,12,40,8,46,18,18,B,8,25,1,permitir,935997,,,0,Canonical,quedar,947469,Mood,Subjunctive,B,[+F/–F]
SBC06,15,Female,Comparison,,34,0,12,12,40,8,46,18,18,B,13,28,1,valorar,113028,,,1,Canonical,bailar,29935,Mood,Subjunctive,C,[–F/+F]
SBC06,15,Female,Comparison,,34,0,12,12,40,8,46,18,18,B,3,30,1,necesitar,593469,,,1,Canonical,tratar,590952,Mood,Subjunctive,A,[+F/+F]
SBC06,15,Female,Comparison,,34,0,12,12,40,8,46,18,18,B,17,33,1,conseguir,129144,,,0,Canonical,robar,28182,Mood,Subjunctive,D,[–F/–F]
SBC06,15,Female,Comparison,,34,0,12,12,40,8,46,18,18,B,7,35,1,esperar,1409514,,,1,Canonical,atar,15876,Mood,Subjunctive,B,[+F/–F]
SBC06,15,Female,Comparison,,34,0,12,12,40,8,46,18,18,B,12,38,1,ordenar,65158,,,1,Canonical,atar,15876,Mood,Subjunctive,C,[–F/+F]
SBC06,15,Female,Comparison,,34,0,12,12,40,8,46,18,18,B,2,40,1,pedir,432187,,,0,Canonical,dejar,696519,Mood,Subjunctive,A,[+F/+F]
SBC06,15,Female,Comparison,,34,0,12,12,40,8,46,18,18,B,16,43,1,desear,148807,,,1,Canonical,bailar,29935,Mood,Subjunctive,D,[–F/–F]
SBC06,15,Female,Comparison,,34,0,12,12,40,8,46,18,18,B,6,45,1,querer,1263949,,,0,Canonical,dejar,696519,Mood,Subjunctive,B,[+F/–F]
SBC06,15,Female,Comparison,,34,0,12,12,40,8,46,18,18,B,11,48,1,sugerir,88224,,,0,Canonical,prestar,73724,Mood,Subjunctive,C,[–F/+F]
SBC06,15,Female,Comparison,,34,0,12,12,40,8,46,18,18,B,1,50,1,permitir,935997,,,0,Canonical,tomar,506707,Mood,Subjunctive,A,[+F/+F]
SBC07,12,Female,Comparison,,25,0,,8,40,6,48,12,10,A,1,1,1,permitir,935997,,,0,Canonical,tomar,506707,Mood,Subjunctive,A,[+F/+F]
SBC07,12,Female,Comparison,,25,0,,8,40,6,48,12,10,A,11,3,1,sugerir,88224,,,0,Canonical,prestar,73724,Mood,Subjunctive,C,[–F/+F]
SBC07,12,Female,Comparison,,25,0,,8,40,6,48,12,10,A,6,6,1,querer,1263949,,,0,Canonical,dejar,696519,Mood,Subjunctive,B,[+F/–F]
SBC07,12,Female,Comparison,,25,0,,8,40,6,48,12,10,A,16,8,1,desear,148807,,,1,Canonical,bailar,29935,Mood,Subjunctive,D,[–F/–F]
SBC07,12,Female,Comparison,,25,0,,8,40,6,48,12,10,A,2,11,1,pedir,432187,,,0,Canonical,dejar,696519,Mood,Subjunctive,A,[+F/+F]
SBC07,12,Female,Comparison,,25,0,,8,40,6,48,12,10,A,12,13,1,ordenar,65158,,,1,Canonical,atar,15876,Mood,Subjunctive,C,[–F/+F]
SBC07,12,Female,Comparison,,25,0,,8,40,6,48,12,10,A,7,16,1,esperar,1409514,,,1,Canonical,atar,15876,Mood,Subjunctive,B,[+F/–F]
SBC07,12,Female,Comparison,,25,0,,8,40,6,48,12,10,A,17,18,1,conseguir,129144,,,0,Canonical,robar,28182,Mood,Subjunctive,D,[–F/–F]
SBC07,12,Female,Comparison,,25,0,,8,40,6,48,12,10,A,3,21,1,necesitar,593469,,,1,Canonical,tratar,590952,Mood,Subjunctive,A,[+F/+F]
SBC07,12,Female,Comparison,,25,0,,8,40,6,48,12,10,A,13,23,1,valorar,113028,,,1,Canonical,bailar,29935,Mood,Subjunctive,C,[–F/+F]
SBC07,12,Female,Comparison,,25,0,,8,40,6,48,12,10,A,8,26,1,permitir,935997,,,0,Canonical,quedar,947469,Mood,Subjunctive,B,[+F/–F]
SBC07,12,Female,Comparison,,25,0,,8,40,6,48,12,10,A,18,28,1,sugerir,88224,,,0,Canonical,atar,15876,Mood,Subjunctive,D,[–F/–F]
SBC07,12,Female,Comparison,,25,0,,8,40,6,48,12,10,A,4,31,1,querer,1263949,,,0,Canonical,quedar,947469,Mood,Subjunctive,A,[+F/+F]
SBC07,12,Female,Comparison,,25,0,,8,40,6,48,12,10,A,14,33,1,conseguir,129144,,,0,Canonical,viajar,78141,Mood,Subjunctive,C,[–F/+F]
SBC07,12,Female,Comparison,,25,0,,8,40,6,48,12,10,A,9,36,1,necesitar,593469,,,1,Canonical,enviar,766523,Mood,Subjunctive,B,[+F/–F]
SBC07,12,Female,Comparison,,25,0,,8,40,6,48,12,10,A,19,38,1,ordenar,65158,,,1,Canonical,prestar,73724,Mood,Subjunctive,D,[–F/–F]
SBC07,12,Female,Comparison,,25,0,,8,40,6,48,12,10,A,5,41,1,esperar,1409514,,,1,Canonical,enviar,766523,Mood,Subjunctive,A,[+F/+F]
SBC07,12,Female,Comparison,,25,0,,8,40,6,48,12,10,A,15,43,1,desear,148807,,,1,Canonical,robar,28182,Mood,Subjunctive,C,[–F/+F]
SBC07,12,Female,Comparison,,25,0,,8,40,6,48,12,10,A,10,46,1,pedir,432187,,,0,Canonical,tratar,590952,Mood,Subjunctive,B,[+F/–F]
SBC07,12,Female,Comparison,,25,0,,8,40,6,48,12,10,A,20,48,1,valorar,113028,,,1,Canonical,viajar,78141,Mood,Subjunctive,D,[–F/–F]
SBC08,59,Female,Comparison,,45,0,18,18,40,10,47,13,13,A,20,3,1,valorar,113028,,,1,Canonical,viajar,78141,Mood,Subjunctive,D,[–F/–F]
SBC08,59,Female,Comparison,,45,0,18,18,40,10,47,13,13,A,10,5,1,pedir,432187,,,0,Canonical,tratar,590952,Mood,Subjunctive,B,[+F/–F]
SBC08,59,Female,Comparison,,45,0,18,18,40,10,47,13,13,A,15,8,1,desear,148807,,,1,Canonical,robar,28182,Mood,Subjunctive,C,[–F/+F]
SBC08,59,Female,Comparison,,45,0,18,18,40,10,47,13,13,A,5,10,1,esperar,1409514,,,1,Canonical,enviar,766523,Mood,Subjunctive,A,[+F/+F]
SBC08,59,Female,Comparison,,45,0,18,18,40,10,47,13,13,A,19,13,1,ordenar,65158,,,1,Canonical,prestar,73724,Mood,Subjunctive,D,[–F/–F]
SBC08,59,Female,Comparison,,45,0,18,18,40,10,47,13,13,A,9,15,1,necesitar,593469,,,1,Canonical,enviar,766523,Mood,Subjunctive,B,[+F/–F]
SBC08,59,Female,Comparison,,45,0,18,18,40,10,47,13,13,A,14,18,1,conseguir,129144,,,0,Canonical,viajar,78141,Mood,Subjunctive,C,[–F/+F]
SBC08,59,Female,Comparison,,45,0,18,18,40,10,47,13,13,A,4,20,1,querer,1263949,,,0,Canonical,quedar,947469,Mood,Subjunctive,A,[+F/+F]
SBC08,59,Female,Comparison,,45,0,18,18,40,10,47,13,13,A,3,21,1,necesitar,593469,,,1,Canonical,tratar,590952,Mood,Subjunctive,A,[+F/+F]
SBC08,59,Female,Comparison,,45,0,18,18,40,10,47,13,13,A,13,23,1,valorar,113028,,,1,Canonical,bailar,29935,Mood,Subjunctive,C,[–F/+F]
SBC08,59,Female,Comparison,,45,0,18,18,40,10,47,13,13,A,8,26,1,permitir,935997,,,0,Canonical,quedar,947469,Mood,Subjunctive,B,[+F/–F]
SBC08,59,Female,Comparison,,45,0,18,18,40,10,47,13,13,A,18,28,1,sugerir,88224,,,0,Canonical,atar,15876,Mood,Subjunctive,D,[–F/–F]
SBC08,59,Female,Comparison,,45,0,18,18,40,10,47,13,13,A,4,31,1,querer,1263949,,,0,Canonical,quedar,947469,Mood,Subjunctive,A,[+F/+F]
SBC08,59,Female,Comparison,,45,0,18,18,40,10,47,13,13,A,14,33,1,conseguir,129144,,,0,Canonical,viajar,78141,Mood,Subjunctive,C,[–F/+F]
SBC08,59,Female,Comparison,,45,0,18,18,40,10,47,13,13,A,9,36,1,necesitar,593469,,,1,Canonical,enviar,766523,Mood,Subjunctive,B,[+F/–F]
SBC08,59,Female,Comparison,,45,0,18,18,40,10,47,13,13,A,19,38,1,ordenar,65158,,,1,Canonical,prestar,73724,Mood,Subjunctive,D,[–F/–F]
SBC08,59,Female,Comparison,,45,0,18,18,40,10,47,13,13,A,5,41,1,esperar,1409514,,,1,Canonical,enviar,766523,Mood,Subjunctive,A,[+F/+F]
SBC08,59,Female,Comparison,,45,0,18,18,40,10,47,13,13,A,15,43,1,desear,148807,,,1,Canonical,robar,28182,Mood,Subjunctive,C,[–F/+F]
SBC08,59,Female,Comparison,,45,0,18,18,40,10,47,13,13,A,10,46,1,pedir,432187,,,0,Canonical,tratar,590952,Mood,Subjunctive,B,[+F/–F]
SBC08,59,Female,Comparison,,45,0,18,18,40,10,47,13,13,A,20,48,1,valorar,113028,,,1,Canonical,viajar,78141,Mood,Subjunctive,D,[–F/–F]
SBC09,61,Female,Comparison,,48,0,16,21,40,10,47,14,14,A,20,3,1,valorar,113028,,,1,Canonical,viajar,78141,Mood,Subjunctive,D,[–F/–F]
SBC09,61,Female,Comparison,,48,0,16,21,40,10,47,14,14,A,10,5,1,pedir,432187,,,0,Canonical,tratar,590952,Mood,Subjunctive,B,[+F/–F]
SBC09,61,Female,Comparison,,48,0,16,21,40,10,47,14,14,A,15,8,1,desear,148807,,,1,Canonical,robar,28182,Mood,Subjunctive,C,[–F/+F]
SBC09,61,Female,Comparison,,48,0,16,21,40,10,47,14,14,A,5,10,1,esperar,1409514,,,1,Canonical,enviar,766523,Mood,Subjunctive,A,[+F/+F]
SBC09,61,Female,Comparison,,48,0,16,21,40,10,47,14,14,A,19,13,1,ordenar,65158,,,1,Canonical,prestar,73724,Mood,Subjunctive,D,[–F/–F]
SBC09,61,Female,Comparison,,48,0,16,21,40,10,47,14,14,A,9,15,1,necesitar,593469,,,1,Canonical,enviar,766523,Mood,Subjunctive,B,[+F/–F]
SBC09,61,Female,Comparison,,48,0,16,21,40,10,47,14,14,A,14,18,1,conseguir,129144,,,0,Canonical,viajar,78141,Mood,Subjunctive,C,[–F/+F]
SBC09,61,Female,Comparison,,48,0,16,21,40,10,47,14,14,A,4,20,1,querer,1263949,,,0,Canonical,quedar,947469,Mood,Subjunctive,A,[+F/+F]
SBC09,61,Female,Comparison,,48,0,16,21,40,10,47,14,14,A,18,23,1,sugerir,88224,,,0,Canonical,atar,15876,Mood,Subjunctive,D,[–F/–F]
SBC09,61,Female,Comparison,,48,0,16,21,40,10,47,14,14,A,8,25,1,permitir,935997,,,0,Canonical,quedar,947469,Mood,Subjunctive,B,[+F/–F]
SBC09,61,Female,Comparison,,48,0,16,21,40,10,47,14,14,A,13,28,1,valorar,113028,,,1,Canonical,bailar,29935,Mood,Subjunctive,C,[–F/+F]
SBC09,61,Female,Comparison,,48,0,16,21,40,10,47,14,14,A,3,30,1,necesitar,593469,,,1,Canonical,tratar,590952,Mood,Subjunctive,A,[+F/+F]
SBC09,61,Female,Comparison,,48,0,16,21,40,10,47,14,14,A,17,33,1,conseguir,129144,,,0,Canonical,robar,28182,Mood,Subjunctive,D,[–F/–F]
SBC09,61,Female,Comparison,,48,0,16,21,40,10,47,14,14,A,7,35,1,esperar,1409514,,,1,Canonical,atar,15876,Mood,Subjunctive,B,[+F/–F]
SBC09,61,Female,Comparison,,48,0,16,21,40,10,47,14,14,A,12,38,1,ordenar,65158,,,1,Canonical,atar,15876,Mood,Subjunctive,C,[–F/+F]
SBC09,61,Female,Comparison,,48,0,16,21,40,10,47,14,14,A,2,40,1,pedir,432187,,,0,Canonical,dejar,696519,Mood,Subjunctive,A,[+F/+F]
SBC09,61,Female,Comparison,,48,0,16,21,40,10,47,14,14,A,16,43,1,desear,148807,,,1,Canonical,bailar,29935,Mood,Subjunctive,D,[–F/–F]
SBC09,61,Female,Comparison,,48,0,16,21,40,10,47,14,14,A,6,45,1,querer,1263949,,,0,Canonical,dejar,696519,Mood,Subjunctive,B,[+F/–F]
SBC09,61,Female,Comparison,,48,0,16,21,40,10,47,14,14,A,11,48,1,sugerir,88224,,,0,Canonical,prestar,73724,Mood,Subjunctive,C,[–F/+F]
SBC09,61,Female,Comparison,,48,0,16,21,40,10,47,14,14,A,1,50,1,permitir,935997,,,0,Canonical,tomar,506707,Mood,Subjunctive,A,[+F/+F]
SBC10,64,Female,Comparison,,50,0,28,28,40,10,47,22,22,B,1,1,1,permitir,935997,,,0,Canonical,tomar,506707,Mood,Subjunctive,A,[+F/+F]
SBC10,64,Female,Comparison,,50,0,28,28,40,10,47,22,22,B,11,3,1,sugerir,88224,,,0,Canonical,prestar,73724,Mood,Subjunctive,C,[–F/+F]
SBC10,64,Female,Comparison,,50,0,28,28,40,10,47,22,22,B,6,6,1,querer,1263949,,,0,Canonical,dejar,696519,Mood,Subjunctive,B,[+F/–F]
SBC10,64,Female,Comparison,,50,0,28,28,40,10,47,22,22,B,16,8,1,desear,148807,,,1,Canonical,bailar,29935,Mood,Subjunctive,D,[–F/–F]
SBC10,64,Female,Comparison,,50,0,28,28,40,10,47,22,22,B,2,11,1,pedir,432187,,,0,Canonical,dejar,696519,Mood,Subjunctive,A,[+F/+F]
SBC10,64,Female,Comparison,,50,0,28,28,40,10,47,22,22,B,12,13,1,ordenar,65158,,,1,Canonical,atar,15876,Mood,Subjunctive,C,[–F/+F]
SBC10,64,Female,Comparison,,50,0,28,28,40,10,47,22,22,B,7,16,1,esperar,1409514,,,1,Canonical,atar,15876,Mood,Subjunctive,B,[+F/–F]
SBC10,64,Female,Comparison,,50,0,28,28,40,10,47,22,22,B,17,18,1,conseguir,129144,,,0,Canonical,robar,28182,Mood,Subjunctive,D,[–F/–F]
SBC10,64,Female,Comparison,,50,0,28,28,40,10,47,22,22,B,3,21,1,necesitar,593469,,,1,Canonical,tratar,590952,Mood,Subjunctive,A,[+F/+F]
SBC10,64,Female,Comparison,,50,0,28,28,40,10,47,22,22,B,13,23,1,valorar,113028,,,1,Canonical,bailar,29935,Mood,Subjunctive,C,[–F/+F]
SBC10,64,Female,Comparison,,50,0,28,28,40,10,47,22,22,B,8,26,1,permitir,935997,,,0,Canonical,quedar,947469,Mood,Subjunctive,B,[+F/–F]
SBC10,64,Female,Comparison,,50,0,28,28,40,10,47,22,22,B,18,28,1,sugerir,88224,,,0,Canonical,atar,15876,Mood,Subjunctive,D,[–F/–F]
SBC10,64,Female,Comparison,,50,0,28,28,40,10,47,22,22,B,4,31,1,querer,1263949,,,0,Canonical,quedar,947469,Mood,Subjunctive,A,[+F/+F]
SBC10,64,Female,Comparison,,50,0,28,28,40,10,47,22,22,B,14,33,1,conseguir,129144,,,0,Canonical,viajar,78141,Mood,Subjunctive,C,[–F/+F]
SBC10,64,Female,Comparison,,50,0,28,28,40,10,47,22,22,B,9,36,1,necesitar,593469,,,1,Canonical,enviar,766523,Mood,Subjunctive,B,[+F/–F]
SBC10,64,Female,Comparison,,50,0,28,28,40,10,47,22,22,B,19,38,1,ordenar,65158,,,1,Canonical,prestar,73724,Mood,Subjunctive,D,[–F/–F]
SBC10,64,Female,Comparison,,50,0,28,28,40,10,47,22,22,B,5,41,1,esperar,1409514,,,1,Canonical,enviar,766523,Mood,Subjunctive,A,[+F/+F]
SBC10,64,Female,Comparison,,50,0,28,28,40,10,47,22,22,B,15,43,1,desear,148807,,,1,Canonical,robar,28182,Mood,Subjunctive,C,[–F/+F]
SBC10,64,Female,Comparison,,50,0,28,28,40,10,47,22,22,B,10,46,1,pedir,432187,,,0,Canonical,tratar,590952,Mood,Subjunctive,B,[+F/–F]
SBC10,64,Female,Comparison,,50,0,28,28,40,10,47,22,22,B,20,48,1,valorar,113028,,,1,Canonical,viajar,78141,Mood,Subjunctive,D,[–F/–F]
SBC11,79,Female,Comparison,,51,0,32,32,40,10,47,23,23,A,1,1,1,permitir,935997,,,0,Canonical,tomar,506707,Mood,Subjunctive,A,[+F/+F]
SBC11,79,Female,Comparison,,51,0,32,32,40,10,47,23,23,A,11,3,1,sugerir,88224,,,0,Canonical,prestar,73724,Mood,Subjunctive,C,[–F/+F]
SBC11,79,Female,Comparison,,51,0,32,32,40,10,47,23,23,A,6,6,1,querer,1263949,,,0,Canonical,dejar,696519,Mood,Subjunctive,B,[+F/–F]
SBC11,79,Female,Comparison,,51,0,32,32,40,10,47,23,23,A,16,8,1,desear,148807,,,1,Canonical,bailar,29935,Mood,Subjunctive,D,[–F/–F]
SBC11,79,Female,Comparison,,51,0,32,32,40,10,47,23,23,A,2,11,1,pedir,432187,,,0,Canonical,dejar,696519,Mood,Subjunctive,A,[+F/+F]
SBC11,79,Female,Comparison,,51,0,32,32,40,10,47,23,23,A,12,13,1,ordenar,65158,,,1,Canonical,atar,15876,Mood,Subjunctive,C,[–F/+F]
SBC11,79,Female,Comparison,,51,0,32,32,40,10,47,23,23,A,7,16,1,esperar,1409514,,,1,Canonical,atar,15876,Mood,Subjunctive,B,[+F/–F]
SBC11,79,Female,Comparison,,51,0,32,32,40,10,47,23,23,A,17,18,1,conseguir,129144,,,0,Canonical,robar,28182,Mood,Subjunctive,D,[–F/–F]
SBC11,79,Female,Comparison,,51,0,32,32,40,10,47,23,23,A,18,23,1,sugerir,88224,,,0,Canonical,atar,15876,Mood,Subjunctive,D,[–F/–F]
SBC11,79,Female,Comparison,,51,0,32,32,40,10,47,23,23,A,8,25,1,permitir,935997,,,0,Canonical,quedar,947469,Mood,Subjunctive,B,[+F/–F]
SBC11,79,Female,Comparison,,51,0,32,32,40,10,47,23,23,A,13,28,0,valorar,113028,,,1,Canonical,bailar,29935,Mood,Subjunctive,C,[–F/+F]
SBC11,79,Female,Comparison,,51,0,32,32,40,10,47,23,23,A,3,30,1,necesitar,593469,,,1,Canonical,tratar,590952,Mood,Subjunctive,A,[+F/+F]
SBC11,79,Female,Comparison,,51,0,32,32,40,10,47,23,23,A,17,33,1,conseguir,129144,,,0,Canonical,robar,28182,Mood,Subjunctive,D,[–F/–F]
SBC11,79,Female,Comparison,,51,0,32,32,40,10,47,23,23,A,7,35,1,esperar,1409514,,,1,Canonical,atar,15876,Mood,Subjunctive,B,[+F/–F]
SBC11,79,Female,Comparison,,51,0,32,32,40,10,47,23,23,A,12,38,1,ordenar,65158,,,1,Canonical,atar,15876,Mood,Subjunctive,C,[–F/+F]
SBC11,79,Female,Comparison,,51,0,32,32,40,10,47,23,23,A,2,40,1,pedir,432187,,,0,Canonical,dejar,696519,Mood,Subjunctive,A,[+F/+F]
SBC11,79,Female,Comparison,,51,0,32,32,40,10,47,23,23,A,16,43,1,desear,148807,,,1,Canonical,bailar,29935,Mood,Subjunctive,D,[–F/–F]
SBC11,79,Female,Comparison,,51,0,32,32,40,10,47,23,23,A,6,45,1,querer,1263949,,,0,Canonical,dejar,696519,Mood,Subjunctive,B,[+F/–F]
SBC11,79,Female,Comparison,,51,0,32,32,40,10,47,23,23,A,11,48,1,sugerir,88224,,,0,Canonical,prestar,73724,Mood,Subjunctive,C,[–F/+F]
SBC11,79,Female,Comparison,,51,0,32,32,40,10,47,23,23,A,1,50,1,permitir,935997,,,0,Canonical,tomar,506707,Mood,Subjunctive,A,[+F/+F]
SBC12,94,Male,Comparison,,20,0,10,10,38,5,45,7,7,A,20,3,1,valorar,113028,,,1,Canonical,viajar,78141,Mood,Subjunctive,D,[–F/–F]
SBC12,94,Male,Comparison,,20,0,10,10,38,5,45,7,7,A,10,5,1,pedir,432187,,,0,Canonical,tratar,590952,Mood,Subjunctive,B,[+F/–F]
SBC12,94,Male,Comparison,,20,0,10,10,38,5,45,7,7,A,15,8,1,desear,148807,,,1,Canonical,robar,28182,Mood,Subjunctive,C,[–F/+F]
SBC12,94,Male,Comparison,,20,0,10,10,38,5,45,7,7,A,5,10,1,esperar,1409514,,,1,Canonical,enviar,766523,Mood,Subjunctive,A,[+F/+F]
SBC12,94,Male,Comparison,,20,0,10,10,38,5,45,7,7,A,19,13,1,ordenar,65158,,,1,Canonical,prestar,73724,Mood,Subjunctive,D,[–F/–F]
SBC12,94,Male,Comparison,,20,0,10,10,38,5,45,7,7,A,9,15,1,necesitar,593469,,,1,Canonical,enviar,766523,Mood,Subjunctive,B,[+F/–F]
SBC12,94,Male,Comparison,,20,0,10,10,38,5,45,7,7,A,14,18,1,conseguir,129144,,,0,Canonical,viajar,78141,Mood,Subjunctive,C,[–F/+F]
SBC12,94,Male,Comparison,,20,0,10,10,38,5,45,7,7,A,4,20,1,querer,1263949,,,0,Canonical,quedar,947469,Mood,Subjunctive,A,[+F/+F]
SBC12,94,Male,Comparison,,20,0,10,10,38,5,45,7,7,A,18,23,1,sugerir,88224,,,0,Canonical,atar,15876,Mood,Subjunctive,D,[–F/–F]
SBC12,94,Male,Comparison,,20,0,10,10,38,5,45,7,7,A,8,25,1,permitir,935997,,,0,Canonical,quedar,947469,Mood,Subjunctive,B,[+F/–F]
SBC12,94,Male,Comparison,,20,0,10,10,38,5,45,7,7,A,13,28,1,valorar,113028,,,1,Canonical,bailar,29935,Mood,Subjunctive,C,[–F/+F]
SBC12,94,Male,Comparison,,20,0,10,10,38,5,45,7,7,A,3,30,1,necesitar,593469,,,1,Canonical,tratar,590952,Mood,Subjunctive,A,[+F/+F]
SBC12,94,Male,Comparison,,20,0,10,10,38,5,45,7,7,A,17,33,1,conseguir,129144,,,0,Canonical,robar,28182,Mood,Subjunctive,D,[–F/–F]
SBC12,94,Male,Comparison,,20,0,10,10,38,5,45,7,7,A,7,35,1,esperar,1409514,,,1,Canonical,atar,15876,Mood,Subjunctive,B,[+F/–F]
SBC12,94,Male,Comparison,,20,0,10,10,38,5,45,7,7,A,12,38,1,ordenar,65158,,,1,Canonical,atar,15876,Mood,Subjunctive,C,[–F/+F]
SBC12,94,Male,Comparison,,20,0,10,10,38,5,45,7,7,A,2,40,1,pedir,432187,,,0,Canonical,dejar,696519,Mood,Subjunctive,A,[+F/+F]
SBC12,94,Male,Comparison,,20,0,10,10,38,5,45,7,7,A,16,43,1,desear,148807,,,1,Canonical,bailar,29935,Mood,Subjunctive,D,[–F/–F]
SBC12,94,Male,Comparison,,20,0,10,10,38,5,45,7,7,A,6,45,1,querer,1263949,,,0,Canonical,dejar,696519,Mood,Subjunctive,B,[+F/–F]
SBC12,94,Male,Comparison,,20,0,10,10,38,5,45,7,7,A,11,48,1,sugerir,88224,,,0,Canonical,prestar,73724,Mood,Subjunctive,C,[–F/+F]
SBC12,94,Male,Comparison,,20,0,10,10,38,5,45,7,7,A,1,50,1,permitir,935997,,,0,Canonical,tomar,506707,Mood,Subjunctive,A,[+F/+F]