Participant_ID,Seq_part,Gender,ExpGroup,HerGroup,Age,AoA_SPA,AoA_ENG,LOR,SelfProf,SelfDom,DELE,FofA_Prod,FofA_Comp,Battery,Item,Seq_Item,Average,MainVerb,Token_Main_Lemma,Token_Main_Pret,Token_Main_Imp,Type_Main,Syntax_Main,SubVerb,Token_Sub,Morpheme,Property,Condition,Verb_condition
HSP01,6,Male,Heritage,Simultaneous,31,0,0,0.25,34,4,45,10,13,B,1,1,1,permitir,935997,,,0,Canonical,tomar,506707,Mood,Subjunctive,A,Frequent
HSP01,6,Male,Heritage,Simultaneous,31,0,0,0.25,34,4,45,10,13,B,11,3,0,sugerir,88224,,,0,Canonical,prestar,73724,Mood,Subjunctive,C,Infrequent
HSP01,6,Male,Heritage,Simultaneous,31,0,0,0.25,34,4,45,10,13,B,6,6,1,querer,1263949,,,0,Canonical,dejar,696519,Mood,Subjunctive,B,Frequent
HSP01,6,Male,Heritage,Simultaneous,31,0,0,0.25,34,4,45,10,13,B,16,8,1,desear,148807,,,1,Canonical,bailar,29935,Mood,Subjunctive,D,Infrequent
HSP01,6,Male,Heritage,Simultaneous,31,0,0,0.25,34,4,45,10,13,B,2,11,1,pedir,432187,,,0,Canonical,dejar,696519,Mood,Subjunctive,A,Frequent
HSP01,6,Male,Heritage,Simultaneous,31,0,0,0.25,34,4,45,10,13,B,12,13,0,ordenar,65158,,,1,Canonical,atar,15876,Mood,Subjunctive,C,Infrequent
HSP01,6,Male,Heritage,Simultaneous,31,0,0,0.25,34,4,45,10,13,B,7,16,1,esperar,1409514,,,1,Canonical,atar,15876,Mood,Subjunctive,B,Frequent
HSP01,6,Male,Heritage,Simultaneous,31,0,0,0.25,34,4,45,10,13,B,17,18,1,conseguir,129144,,,0,Canonical,robar,28182,Mood,Subjunctive,D,Infrequent
HSP01,6,Male,Heritage,Simultaneous,31,0,0,0.25,34,4,45,10,13,B,3,21,1,necesitar,593469,,,1,Canonical,tratar,590952,Mood,Subjunctive,A,Frequent
HSP01,6,Male,Heritage,Simultaneous,31,0,0,0.25,34,4,45,10,13,B,13,23,1,valorar,113028,,,1,Canonical,bailar,29935,Mood,Subjunctive,C,Infrequent
HSP01,6,Male,Heritage,Simultaneous,31,0,0,0.25,34,4,45,10,13,B,8,26,1,permitir,935997,,,0,Canonical,quedar,947469,Mood,Subjunctive,B,Frequent
HSP01,6,Male,Heritage,Simultaneous,31,0,0,0.25,34,4,45,10,13,B,18,28,1,sugerir,88224,,,0,Canonical,atar,15876,Mood,Subjunctive,D,Infrequent
HSP01,6,Male,Heritage,Simultaneous,31,0,0,0.25,34,4,45,10,13,B,4,31,1,querer,1263949,,,0,Canonical,quedar,947469,Mood,Subjunctive,A,Frequent
HSP01,6,Male,Heritage,Simultaneous,31,0,0,0.25,34,4,45,10,13,B,14,33,1,conseguir,129144,,,0,Canonical,viajar,78141,Mood,Subjunctive,C,Infrequent
HSP01,6,Male,Heritage,Simultaneous,31,0,0,0.25,34,4,45,10,13,B,9,36,1,necesitar,593469,,,1,Canonical,enviar,766523,Mood,Subjunctive,B,Frequent
HSP01,6,Male,Heritage,Simultaneous,31,0,0,0.25,34,4,45,10,13,B,19,38,1,ordenar,65158,,,1,Canonical,prestar,73724,Mood,Subjunctive,D,Infrequent
HSP01,6,Male,Heritage,Simultaneous,31,0,0,0.25,34,4,45,10,13,B,5,41,1,esperar,1409514,,,1,Canonical,enviar,766523,Mood,Subjunctive,A,Frequent
HSP01,6,Male,Heritage,Simultaneous,31,0,0,0.25,34,4,45,10,13,B,15,43,1,desear,148807,,,1,Canonical,robar,28182,Mood,Subjunctive,C,Infrequent
HSP01,6,Male,Heritage,Simultaneous,31,0,0,0.25,34,4,45,10,13,B,10,46,0,pedir,432187,,,0,Canonical,tratar,590952,Mood,Subjunctive,B,Frequent
HSP01,6,Male,Heritage,Simultaneous,31,0,0,0.25,34,4,45,10,13,B,20,48,1,valorar,113028,,,1,Canonical,viajar,78141,Mood,Subjunctive,D,Infrequent
HSP02,53,Female,Heritage,Simultaneous,20,0,0,0,32,3,38,12,13,B,1,1,1,permitir,935997,,,0,Canonical,tomar,506707,Mood,Subjunctive,A,Frequent
HSP02,53,Female,Heritage,Simultaneous,20,0,0,0,32,3,38,12,13,B,11,3,1,sugerir,88224,,,0,Canonical,prestar,73724,Mood,Subjunctive,C,Infrequent
HSP02,53,Female,Heritage,Simultaneous,20,0,0,0,32,3,38,12,13,B,6,6,1,querer,1263949,,,0,Canonical,dejar,696519,Mood,Subjunctive,B,Frequent
HSP02,53,Female,Heritage,Simultaneous,20,0,0,0,32,3,38,12,13,B,16,8,1,desear,148807,,,1,Canonical,bailar,29935,Mood,Subjunctive,D,Infrequent
HSP02,53,Female,Heritage,Simultaneous,20,0,0,0,32,3,38,12,13,B,2,11,1,pedir,432187,,,0,Canonical,dejar,696519,Mood,Subjunctive,A,Frequent
HSP02,53,Female,Heritage,Simultaneous,20,0,0,0,32,3,38,12,13,B,12,13,1,ordenar,65158,,,1,Canonical,atar,15876,Mood,Subjunctive,C,Infrequent
HSP02,53,Female,Heritage,Simultaneous,20,0,0,0,32,3,38,12,13,B,7,16,1,esperar,1409514,,,1,Canonical,atar,15876,Mood,Subjunctive,B,Frequent
HSP02,53,Female,Heritage,Simultaneous,20,0,0,0,32,3,38,12,13,B,17,18,1,conseguir,129144,,,0,Canonical,robar,28182,Mood,Subjunctive,D,Infrequent
HSP02,53,Female,Heritage,Simultaneous,20,0,0,0,32,3,38,12,13,B,3,21,1,necesitar,593469,,,1,Canonical,tratar,590952,Mood,Subjunctive,A,Frequent
HSP02,53,Female,Heritage,Simultaneous,20,0,0,0,32,3,38,12,13,B,13,23,1,valorar,113028,,,1,Canonical,bailar,29935,Mood,Subjunctive,C,Infrequent
HSP02,53,Female,Heritage,Simultaneous,20,0,0,0,32,3,38,12,13,B,8,26,1,permitir,935997,,,0,Canonical,quedar,947469,Mood,Subjunctive,B,Frequent
HSP02,53,Female,Heritage,Simultaneous,20,0,0,0,32,3,38,12,13,B,18,28,1,sugerir,88224,,,0,Canonical,atar,15876,Mood,Subjunctive,D,Infrequent
HSP02,53,Female,Heritage,Simultaneous,20,0,0,0,32,3,38,12,13,B,4,31,1,querer,1263949,,,0,Canonical,quedar,947469,Mood,Subjunctive,A,Frequent
HSP02,53,Female,Heritage,Simultaneous,20,0,0,0,32,3,38,12,13,B,14,33,0,conseguir,129144,,,0,Canonical,viajar,78141,Mood,Subjunctive,C,Infrequent
HSP02,53,Female,Heritage,Simultaneous,20,0,0,0,32,3,38,12,13,B,9,36,1,necesitar,593469,,,1,Canonical,enviar,766523,Mood,Subjunctive,B,Frequent
HSP02,53,Female,Heritage,Simultaneous,20,0,0,0,32,3,38,12,13,B,19,38,1,ordenar,65158,,,1,Canonical,prestar,73724,Mood,Subjunctive,D,Infrequent
HSP02,53,Female,Heritage,Simultaneous,20,0,0,0,32,3,38,12,13,B,5,41,1,esperar,1409514,,,1,Canonical,enviar,766523,Mood,Subjunctive,A,Frequent
HSP02,53,Female,Heritage,Simultaneous,20,0,0,0,32,3,38,12,13,B,15,43,1,desear,148807,,,1,Canonical,robar,28182,Mood,Subjunctive,C,Infrequent
HSP02,53,Female,Heritage,Simultaneous,20,0,0,0,32,3,38,12,13,B,10,46,1,pedir,432187,,,0,Canonical,tratar,590952,Mood,Subjunctive,B,Frequent
HSP02,53,Female,Heritage,Simultaneous,20,0,0,0,32,3,38,12,13,B,20,48,1,valorar,113028,,,1,Canonical,viajar,78141,Mood,Subjunctive,D,Infrequent
HSP03,2,Female,Heritage,Sequential,27,0,3,0,35,4,40,21,22,B,1,1,1,permitir,935997,,,0,Canonical,tomar,506707,Mood,Subjunctive,A,Frequent
HSP03,2,Female,Heritage,Sequential,27,0,3,0,35,4,40,21,22,B,11,3,1,sugerir,88224,,,0,Canonical,prestar,73724,Mood,Subjunctive,C,Infrequent
HSP03,2,Female,Heritage,Sequential,27,0,3,0,35,4,40,21,22,B,6,6,1,querer,1263949,,,0,Canonical,dejar,696519,Mood,Subjunctive,B,Frequent
HSP03,2,Female,Heritage,Sequential,27,0,3,0,35,4,40,21,22,B,16,8,1,desear,148807,,,1,Canonical,bailar,29935,Mood,Subjunctive,D,Infrequent
HSP03,2,Female,Heritage,Sequential,27,0,3,0,35,4,40,21,22,B,2,11,1,pedir,432187,,,0,Canonical,dejar,696519,Mood,Subjunctive,A,Frequent
HSP03,2,Female,Heritage,Sequential,27,0,3,0,35,4,40,21,22,B,12,13,1,ordenar,65158,,,1,Canonical,atar,15876,Mood,Subjunctive,C,Infrequent
HSP03,2,Female,Heritage,Sequential,27,0,3,0,35,4,40,21,22,B,7,16,1,esperar,1409514,,,1,Canonical,atar,15876,Mood,Subjunctive,B,Frequent
HSP03,2,Female,Heritage,Sequential,27,0,3,0,35,4,40,21,22,B,17,18,1,conseguir,129144,,,0,Canonical,robar,28182,Mood,Subjunctive,D,Infrequent
HSP03,2,Female,Heritage,Sequential,27,0,3,0,35,4,40,21,22,B,3,21,1,necesitar,593469,,,1,Canonical,tratar,590952,Mood,Subjunctive,A,Frequent
HSP03,2,Female,Heritage,Sequential,27,0,3,0,35,4,40,21,22,B,13,23,0,valorar,113028,,,1,Canonical,bailar,29935,Mood,Subjunctive,C,Infrequent
HSP03,2,Female,Heritage,Sequential,27,0,3,0,35,4,40,21,22,B,8,26,1,permitir,935997,,,0,Canonical,quedar,947469,Mood,Subjunctive,B,Frequent
HSP03,2,Female,Heritage,Sequential,27,0,3,0,35,4,40,21,22,B,18,28,1,sugerir,88224,,,0,Canonical,atar,15876,Mood,Subjunctive,D,Infrequent
HSP03,2,Female,Heritage,Sequential,27,0,3,0,35,4,40,21,22,B,4,31,1,querer,1263949,,,0,Canonical,quedar,947469,Mood,Subjunctive,A,Frequent
HSP03,2,Female,Heritage,Sequential,27,0,3,0,35,4,40,21,22,B,14,33,1,conseguir,129144,,,0,Canonical,viajar,78141,Mood,Subjunctive,C,Infrequent
HSP03,2,Female,Heritage,Sequential,27,0,3,0,35,4,40,21,22,B,9,36,1,necesitar,593469,,,1,Canonical,enviar,766523,Mood,Subjunctive,B,Frequent
HSP03,2,Female,Heritage,Sequential,27,0,3,0,35,4,40,21,22,B,19,38,1,ordenar,65158,,,1,Canonical,prestar,73724,Mood,Subjunctive,D,Infrequent
HSP03,2,Female,Heritage,Sequential,27,0,3,0,35,4,40,21,22,B,5,41,1,esperar,1409514,,,1,Canonical,enviar,766523,Mood,Subjunctive,A,Frequent
HSP03,2,Female,Heritage,Sequential,27,0,3,0,35,4,40,21,22,B,15,43,1,desear,148807,,,1,Canonical,robar,28182,Mood,Subjunctive,C,Infrequent
HSP03,2,Female,Heritage,Sequential,27,0,3,0,35,4,40,21,22,B,10,46,1,pedir,432187,,,0,Canonical,tratar,590952,Mood,Subjunctive,B,Frequent
HSP03,2,Female,Heritage,Sequential,27,0,3,0,35,4,40,21,22,B,20,48,1,valorar,113028,,,1,Canonical,viajar,78141,Mood,Subjunctive,D,Infrequent
HSP04,23,Female,Heritage,Simultaneous,21,0,0,0.33,37,3,40,15,16,A,20,3,0,valorar,113028,,,1,Canonical,viajar,78141,Mood,Subjunctive,D,Infrequent
HSP04,23,Female,Heritage,Simultaneous,21,0,0,0.33,37,3,40,15,16,A,10,5,0,pedir,432187,,,0,Canonical,tratar,590952,Mood,Subjunctive,B,Frequent
HSP04,23,Female,Heritage,Simultaneous,21,0,0,0.33,37,3,40,15,16,A,15,8,1,desear,148807,,,1,Canonical,robar,28182,Mood,Subjunctive,C,Infrequent
HSP04,23,Female,Heritage,Simultaneous,21,0,0,0.33,37,3,40,15,16,A,5,10,1,esperar,1409514,,,1,Canonical,enviar,766523,Mood,Subjunctive,A,Frequent
HSP04,23,Female,Heritage,Simultaneous,21,0,0,0.33,37,3,40,15,16,A,19,13,1,ordenar,65158,,,1,Canonical,prestar,73724,Mood,Subjunctive,D,Infrequent
HSP04,23,Female,Heritage,Simultaneous,21,0,0,0.33,37,3,40,15,16,A,9,15,0,necesitar,593469,,,1,Canonical,enviar,766523,Mood,Subjunctive,B,Frequent
HSP04,23,Female,Heritage,Simultaneous,21,0,0,0.33,37,3,40,15,16,A,14,18,1,conseguir,129144,,,0,Canonical,viajar,78141,Mood,Subjunctive,C,Infrequent
HSP04,23,Female,Heritage,Simultaneous,21,0,0,0.33,37,3,40,15,16,A,4,20,0,querer,1263949,,,0,Canonical,quedar,947469,Mood,Subjunctive,A,Frequent
HSP04,23,Female,Heritage,Simultaneous,21,0,0,0.33,37,3,40,15,16,A,18,23,1,sugerir,88224,,,0,Canonical,atar,15876,Mood,Subjunctive,D,Infrequent
HSP04,23,Female,Heritage,Simultaneous,21,0,0,0.33,37,3,40,15,16,A,8,25,1,permitir,935997,,,0,Canonical,quedar,947469,Mood,Subjunctive,B,Frequent
HSP04,23,Female,Heritage,Simultaneous,21,0,0,0.33,37,3,40,15,16,A,13,28,0,valorar,113028,,,1,Canonical,bailar,29935,Mood,Subjunctive,C,Infrequent
HSP04,23,Female,Heritage,Simultaneous,21,0,0,0.33,37,3,40,15,16,A,3,30,0,necesitar,593469,,,1,Canonical,tratar,590952,Mood,Subjunctive,A,Frequent
HSP04,23,Female,Heritage,Simultaneous,21,0,0,0.33,37,3,40,15,16,A,17,33,1,conseguir,129144,,,0,Canonical,robar,28182,Mood,Subjunctive,D,Infrequent
HSP04,23,Female,Heritage,Simultaneous,21,0,0,0.33,37,3,40,15,16,A,7,35,0,esperar,1409514,,,1,Canonical,atar,15876,Mood,Subjunctive,B,Frequent
HSP04,23,Female,Heritage,Simultaneous,21,0,0,0.33,37,3,40,15,16,A,12,38,1,ordenar,65158,,,1,Canonical,atar,15876,Mood,Subjunctive,C,Infrequent
HSP04,23,Female,Heritage,Simultaneous,21,0,0,0.33,37,3,40,15,16,A,2,40,0,pedir,432187,,,0,Canonical,dejar,696519,Mood,Subjunctive,A,Frequent
HSP04,23,Female,Heritage,Simultaneous,21,0,0,0.33,37,3,40,15,16,A,16,43,0,desear,148807,,,1,Canonical,bailar,29935,Mood,Subjunctive,D,Infrequent
HSP04,23,Female,Heritage,Simultaneous,21,0,0,0.33,37,3,40,15,16,A,6,45,0,querer,1263949,,,0,Canonical,dejar,696519,Mood,Subjunctive,B,Frequent
HSP04,23,Female,Heritage,Simultaneous,21,0,0,0.33,37,3,40,15,16,A,11,48,0,sugerir,88224,,,0,Canonical,prestar,73724,Mood,Subjunctive,C,Infrequent
HSP04,23,Female,Heritage,Simultaneous,21,0,0,0.33,37,3,40,15,16,A,1,50,0,permitir,935997,,,0,Canonical,tomar,506707,Mood,Subjunctive,A,Frequent
HSP05,18,Male,Heritage,Simultaneous,20,0,0,0,27,3,40,12,21,A,20,3,0,valorar,113028,,,1,Canonical,viajar,78141,Mood,Subjunctive,D,Infrequent
HSP05,18,Male,Heritage,Simultaneous,20,0,0,0,27,3,40,12,21,A,10,5,0,pedir,432187,,,0,Canonical,tratar,590952,Mood,Subjunctive,B,Frequent
HSP05,18,Male,Heritage,Simultaneous,20,0,0,0,27,3,40,12,21,A,15,8,1,desear,148807,,,1,Canonical,robar,28182,Mood,Subjunctive,C,Infrequent
HSP05,18,Male,Heritage,Simultaneous,20,0,0,0,27,3,40,12,21,A,5,10,1,esperar,1409514,,,1,Canonical,enviar,766523,Mood,Subjunctive,A,Frequent
HSP05,18,Male,Heritage,Simultaneous,20,0,0,0,27,3,40,12,21,A,19,13,1,ordenar,65158,,,1,Canonical,prestar,73724,Mood,Subjunctive,D,Infrequent
HSP05,18,Male,Heritage,Simultaneous,20,0,0,0,27,3,40,12,21,A,9,15,1,necesitar,593469,,,1,Canonical,enviar,766523,Mood,Subjunctive,B,Frequent
HSP05,18,Male,Heritage,Simultaneous,20,0,0,0,27,3,40,12,21,A,14,18,0,conseguir,129144,,,0,Canonical,viajar,78141,Mood,Subjunctive,C,Infrequent
HSP05,18,Male,Heritage,Simultaneous,20,0,0,0,27,3,40,12,21,A,4,20,1,querer,1263949,,,0,Canonical,quedar,947469,Mood,Subjunctive,A,Frequent
HSP05,18,Male,Heritage,Simultaneous,20,0,0,0,27,3,40,12,21,A,18,23,1,sugerir,88224,,,0,Canonical,atar,15876,Mood,Subjunctive,D,Infrequent
HSP05,18,Male,Heritage,Simultaneous,20,0,0,0,27,3,40,12,21,A,8,25,1,permitir,935997,,,0,Canonical,quedar,947469,Mood,Subjunctive,B,Frequent
HSP05,18,Male,Heritage,Simultaneous,20,0,0,0,27,3,40,12,21,A,13,28,0,valorar,113028,,,1,Canonical,bailar,29935,Mood,Subjunctive,C,Infrequent
HSP05,18,Male,Heritage,Simultaneous,20,0,0,0,27,3,40,12,21,A,3,30,1,necesitar,593469,,,1,Canonical,tratar,590952,Mood,Subjunctive,A,Frequent
HSP05,18,Male,Heritage,Simultaneous,20,0,0,0,27,3,40,12,21,A,17,33,1,conseguir,129144,,,0,Canonical,robar,28182,Mood,Subjunctive,D,Infrequent
HSP05,18,Male,Heritage,Simultaneous,20,0,0,0,27,3,40,12,21,A,7,35,1,esperar,1409514,,,1,Canonical,atar,15876,Mood,Subjunctive,B,Frequent
HSP05,18,Male,Heritage,Simultaneous,20,0,0,0,27,3,40,12,21,A,12,38,0,ordenar,65158,,,1,Canonical,atar,15876,Mood,Subjunctive,C,Infrequent
HSP05,18,Male,Heritage,Simultaneous,20,0,0,0,27,3,40,12,21,A,2,40,1,pedir,432187,,,0,Canonical,dejar,696519,Mood,Subjunctive,A,Frequent
HSP05,18,Male,Heritage,Simultaneous,20,0,0,0,27,3,40,12,21,A,16,43,1,desear,148807,,,1,Canonical,bailar,29935,Mood,Subjunctive,D,Infrequent
HSP05,18,Male,Heritage,Simultaneous,20,0,0,0,27,3,40,12,21,A,6,45,1,querer,1263949,,,0,Canonical,dejar,696519,Mood,Subjunctive,B,Frequent
HSP05,18,Male,Heritage,Simultaneous,20,0,0,0,27,3,40,12,21,A,11,48,1,sugerir,88224,,,0,Canonical,prestar,73724,Mood,Subjunctive,C,Infrequent
HSP05,18,Male,Heritage,Simultaneous,20,0,0,0,27,3,40,12,21,A,1,50,0,permitir,935997,,,0,Canonical,tomar,506707,Mood,Subjunctive,A,Frequent
HSP07,21,Female,Heritage,Sequential,39,0,7,7,27,0,39,11,12,B,1,1,1,permitir,935997,,,0,Canonical,tomar,506707,Mood,Subjunctive,A,Frequent
HSP07,21,Female,Heritage,Sequential,39,0,7,7,27,0,39,11,12,B,11,3,1,sugerir,88224,,,0,Canonical,prestar,73724,Mood,Subjunctive,C,Infrequent
HSP07,21,Female,Heritage,Sequential,39,0,7,7,27,0,39,11,12,B,6,6,1,querer,1263949,,,0,Canonical,dejar,696519,Mood,Subjunctive,B,Frequent
HSP07,21,Female,Heritage,Sequential,39,0,7,7,27,0,39,11,12,B,16,8,1,desear,148807,,,1,Canonical,bailar,29935,Mood,Subjunctive,D,Infrequent
HSP07,21,Female,Heritage,Sequential,39,0,7,7,27,0,39,11,12,B,2,11,1,pedir,432187,,,0,Canonical,dejar,696519,Mood,Subjunctive,A,Frequent
HSP07,21,Female,Heritage,Sequential,39,0,7,7,27,0,39,11,12,B,12,13,0,ordenar,65158,,,1,Canonical,atar,15876,Mood,Subjunctive,C,Infrequent
HSP07,21,Female,Heritage,Sequential,39,0,7,7,27,0,39,11,12,B,7,16,1,esperar,1409514,,,1,Canonical,atar,15876,Mood,Subjunctive,B,Frequent
HSP07,21,Female,Heritage,Sequential,39,0,7,7,27,0,39,11,12,B,17,18,1,conseguir,129144,,,0,Canonical,robar,28182,Mood,Subjunctive,D,Infrequent
HSP07,21,Female,Heritage,Sequential,39,0,7,7,27,0,39,11,12,B,3,21,1,necesitar,593469,,,1,Canonical,tratar,590952,Mood,Subjunctive,A,Frequent
HSP07,21,Female,Heritage,Sequential,39,0,7,7,27,0,39,11,12,B,13,23,1,valorar,113028,,,1,Canonical,bailar,29935,Mood,Subjunctive,C,Infrequent
HSP07,21,Female,Heritage,Sequential,39,0,7,7,27,0,39,11,12,B,8,26,1,permitir,935997,,,0,Canonical,quedar,947469,Mood,Subjunctive,B,Frequent
HSP07,21,Female,Heritage,Sequential,39,0,7,7,27,0,39,11,12,B,18,28,0,sugerir,88224,,,0,Canonical,atar,15876,Mood,Subjunctive,D,Infrequent
HSP07,21,Female,Heritage,Sequential,39,0,7,7,27,0,39,11,12,B,4,31,1,querer,1263949,,,0,Canonical,quedar,947469,Mood,Subjunctive,A,Frequent
HSP07,21,Female,Heritage,Sequential,39,0,7,7,27,0,39,11,12,B,14,33,1,conseguir,129144,,,0,Canonical,viajar,78141,Mood,Subjunctive,C,Infrequent
HSP07,21,Female,Heritage,Sequential,39,0,7,7,27,0,39,11,12,B,9,36,1,necesitar,593469,,,1,Canonical,enviar,766523,Mood,Subjunctive,B,Frequent
HSP07,21,Female,Heritage,Sequential,39,0,7,7,27,0,39,11,12,B,19,38,1,ordenar,65158,,,1,Canonical,prestar,73724,Mood,Subjunctive,D,Infrequent
HSP07,21,Female,Heritage,Sequential,39,0,7,7,27,0,39,11,12,B,5,41,1,esperar,1409514,,,1,Canonical,enviar,766523,Mood,Subjunctive,A,Frequent
HSP07,21,Female,Heritage,Sequential,39,0,7,7,27,0,39,11,12,B,15,43,1,desear,148807,,,1,Canonical,robar,28182,Mood,Subjunctive,C,Infrequent
HSP07,21,Female,Heritage,Sequential,39,0,7,7,27,0,39,11,12,B,10,46,0,pedir,432187,,,0,Canonical,tratar,590952,Mood,Subjunctive,B,Frequent
HSP07,21,Female,Heritage,Sequential,39,0,7,7,27,0,39,11,12,B,20,48,1,valorar,113028,,,1,Canonical,viajar,78141,Mood,Subjunctive,D,Infrequent
HSP08,36,Female,Heritage,Sequential,25,0,5,5,37,4,41,13,11,A,20,3,1,valorar,113028,,,1,Canonical,viajar,78141,Mood,Subjunctive,D,Infrequent
HSP08,36,Female,Heritage,Sequential,25,0,5,5,37,4,41,13,11,A,10,5,1,pedir,432187,,,0,Canonical,tratar,590952,Mood,Subjunctive,B,Frequent
HSP08,36,Female,Heritage,Sequential,25,0,5,5,37,4,41,13,11,A,15,8,1,desear,148807,,,1,Canonical,robar,28182,Mood,Subjunctive,C,Infrequent
HSP08,36,Female,Heritage,Sequential,25,0,5,5,37,4,41,13,11,A,5,10,1,esperar,1409514,,,1,Canonical,enviar,766523,Mood,Subjunctive,A,Frequent
HSP08,36,Female,Heritage,Sequential,25,0,5,5,37,4,41,13,11,A,19,13,1,ordenar,65158,,,1,Canonical,prestar,73724,Mood,Subjunctive,D,Infrequent
HSP08,36,Female,Heritage,Sequential,25,0,5,5,37,4,41,13,11,A,9,15,1,necesitar,593469,,,1,Canonical,enviar,766523,Mood,Subjunctive,B,Frequent
HSP08,36,Female,Heritage,Sequential,25,0,5,5,37,4,41,13,11,A,14,18,1,conseguir,129144,,,0,Canonical,viajar,78141,Mood,Subjunctive,C,Infrequent
HSP08,36,Female,Heritage,Sequential,25,0,5,5,37,4,41,13,11,A,4,20,1,querer,1263949,,,0,Canonical,quedar,947469,Mood,Subjunctive,A,Frequent
HSP08,36,Female,Heritage,Sequential,25,0,5,5,37,4,41,13,11,A,18,23,1,sugerir,88224,,,0,Canonical,atar,15876,Mood,Subjunctive,D,Infrequent
HSP08,36,Female,Heritage,Sequential,25,0,5,5,37,4,41,13,11,A,8,25,1,permitir,935997,,,0,Canonical,quedar,947469,Mood,Subjunctive,B,Frequent
HSP08,36,Female,Heritage,Sequential,25,0,5,5,37,4,41,13,11,A,13,28,1,valorar,113028,,,1,Canonical,bailar,29935,Mood,Subjunctive,C,Infrequent
HSP08,36,Female,Heritage,Sequential,25,0,5,5,37,4,41,13,11,A,3,30,1,necesitar,593469,,,1,Canonical,tratar,590952,Mood,Subjunctive,A,Frequent
HSP08,36,Female,Heritage,Sequential,25,0,5,5,37,4,41,13,11,A,17,33,1,conseguir,129144,,,0,Canonical,robar,28182,Mood,Subjunctive,D,Infrequent
HSP08,36,Female,Heritage,Sequential,25,0,5,5,37,4,41,13,11,A,7,35,1,esperar,1409514,,,1,Canonical,atar,15876,Mood,Subjunctive,B,Frequent
HSP08,36,Female,Heritage,Sequential,25,0,5,5,37,4,41,13,11,A,12,38,1,ordenar,65158,,,1,Canonical,atar,15876,Mood,Subjunctive,C,Infrequent
HSP08,36,Female,Heritage,Sequential,25,0,5,5,37,4,41,13,11,A,2,40,1,pedir,432187,,,0,Canonical,dejar,696519,Mood,Subjunctive,A,Frequent
HSP08,36,Female,Heritage,Sequential,25,0,5,5,37,4,41,13,11,A,16,43,1,desear,148807,,,1,Canonical,bailar,29935,Mood,Subjunctive,D,Infrequent
HSP08,36,Female,Heritage,Sequential,25,0,5,5,37,4,41,13,11,A,6,45,1,querer,1263949,,,0,Canonical,dejar,696519,Mood,Subjunctive,B,Frequent
HSP08,36,Female,Heritage,Sequential,25,0,5,5,37,4,41,13,11,A,11,48,1,sugerir,88224,,,0,Canonical,prestar,73724,Mood,Subjunctive,C,Infrequent
HSP08,36,Female,Heritage,Sequential,25,0,5,5,37,4,41,13,11,A,1,50,1,permitir,935997,,,0,Canonical,tomar,506707,Mood,Subjunctive,A,Frequent
HSP10,28,Female,Heritage,Sequential,31,0,4,0,30,1,43,16,16,A,20,3,1,valorar,113028,,,1,Canonical,viajar,78141,Mood,Subjunctive,D,Infrequent
HSP10,28,Female,Heritage,Sequential,31,0,4,0,30,1,43,16,16,A,10,5,1,pedir,432187,,,0,Canonical,tratar,590952,Mood,Subjunctive,B,Frequent
HSP10,28,Female,Heritage,Sequential,31,0,4,0,30,1,43,16,16,A,15,8,1,desear,148807,,,1,Canonical,robar,28182,Mood,Subjunctive,C,Infrequent
HSP10,28,Female,Heritage,Sequential,31,0,4,0,30,1,43,16,16,A,5,10,1,esperar,1409514,,,1,Canonical,enviar,766523,Mood,Subjunctive,A,Frequent
HSP10,28,Female,Heritage,Sequential,31,0,4,0,30,1,43,16,16,A,19,13,1,ordenar,65158,,,1,Canonical,prestar,73724,Mood,Subjunctive,D,Infrequent
HSP10,28,Female,Heritage,Sequential,31,0,4,0,30,1,43,16,16,A,9,15,1,necesitar,593469,,,1,Canonical,enviar,766523,Mood,Subjunctive,B,Frequent
HSP10,28,Female,Heritage,Sequential,31,0,4,0,30,1,43,16,16,A,14,18,0,conseguir,129144,,,0,Canonical,viajar,78141,Mood,Subjunctive,C,Infrequent
HSP10,28,Female,Heritage,Sequential,31,0,4,0,30,1,43,16,16,A,4,20,1,querer,1263949,,,0,Canonical,quedar,947469,Mood,Subjunctive,A,Frequent
HSP10,28,Female,Heritage,Sequential,31,0,4,0,30,1,43,16,16,A,18,23,0,sugerir,88224,,,0,Canonical,atar,15876,Mood,Subjunctive,D,Infrequent
HSP10,28,Female,Heritage,Sequential,31,0,4,0,30,1,43,16,16,A,8,25,1,permitir,935997,,,0,Canonical,quedar,947469,Mood,Subjunctive,B,Frequent
HSP10,28,Female,Heritage,Sequential,31,0,4,0,30,1,43,16,16,A,13,28,1,valorar,113028,,,1,Canonical,bailar,29935,Mood,Subjunctive,C,Infrequent
HSP10,28,Female,Heritage,Sequential,31,0,4,0,30,1,43,16,16,A,3,30,1,necesitar,593469,,,1,Canonical,tratar,590952,Mood,Subjunctive,A,Frequent
HSP10,28,Female,Heritage,Sequential,31,0,4,0,30,1,43,16,16,A,17,33,1,conseguir,129144,,,0,Canonical,robar,28182,Mood,Subjunctive,D,Infrequent
HSP10,28,Female,Heritage,Sequential,31,0,4,0,30,1,43,16,16,A,7,35,1,esperar,1409514,,,1,Canonical,atar,15876,Mood,Subjunctive,B,Frequent
HSP10,28,Female,Heritage,Sequential,31,0,4,0,30,1,43,16,16,A,12,38,0,ordenar,65158,,,1,Canonical,atar,15876,Mood,Subjunctive,C,Infrequent
HSP10,28,Female,Heritage,Sequential,31,0,4,0,30,1,43,16,16,A,2,40,1,pedir,432187,,,0,Canonical,dejar,696519,Mood,Subjunctive,A,Frequent
HSP10,28,Female,Heritage,Sequential,31,0,4,0,30,1,43,16,16,A,16,43,1,desear,148807,,,1,Canonical,bailar,29935,Mood,Subjunctive,D,Infrequent
HSP10,28,Female,Heritage,Sequential,31,0,4,0,30,1,43,16,16,A,6,45,1,querer,1263949,,,0,Canonical,dejar,696519,Mood,Subjunctive,B,Frequent
HSP10,28,Female,Heritage,Sequential,31,0,4,0,30,1,43,16,16,A,11,48,1,sugerir,88224,,,0,Canonical,prestar,73724,Mood,Subjunctive,C,Infrequent
HSP10,28,Female,Heritage,Sequential,31,0,4,0,30,1,43,16,16,A,1,50,1,permitir,935997,,,0,Canonical,tomar,506707,Mood,Subjunctive,A,Frequent
HSP11,26,Female,Heritage,Simultaneous,20,0,3,0,35,5,34,13,13,B,1,1,1,permitir,935997,,,0,Canonical,tomar,506707,Mood,Subjunctive,A,Frequent
HSP11,26,Female,Heritage,Simultaneous,20,0,3,0,35,5,34,13,13,B,11,3,0,sugerir,88224,,,0,Canonical,prestar,73724,Mood,Subjunctive,C,Infrequent
HSP11,26,Female,Heritage,Simultaneous,20,0,3,0,35,5,34,13,13,B,6,6,1,querer,1263949,,,0,Canonical,dejar,696519,Mood,Subjunctive,B,Frequent
HSP11,26,Female,Heritage,Simultaneous,20,0,3,0,35,5,34,13,13,B,16,8,0,desear,148807,,,1,Canonical,bailar,29935,Mood,Subjunctive,D,Infrequent
HSP11,26,Female,Heritage,Simultaneous,20,0,3,0,35,5,34,13,13,B,2,11,1,pedir,432187,,,0,Canonical,dejar,696519,Mood,Subjunctive,A,Frequent
HSP11,26,Female,Heritage,Simultaneous,20,0,3,0,35,5,34,13,13,B,12,13,0,ordenar,65158,,,1,Canonical,atar,15876,Mood,Subjunctive,C,Infrequent
HSP11,26,Female,Heritage,Simultaneous,20,0,3,0,35,5,34,13,13,B,7,16,1,esperar,1409514,,,1,Canonical,atar,15876,Mood,Subjunctive,B,Frequent
HSP11,26,Female,Heritage,Simultaneous,20,0,3,0,35,5,34,13,13,B,17,18,1,conseguir,129144,,,0,Canonical,robar,28182,Mood,Subjunctive,D,Infrequent
HSP11,26,Female,Heritage,Simultaneous,20,0,3,0,35,5,34,13,13,B,3,21,0,necesitar,593469,,,1,Canonical,tratar,590952,Mood,Subjunctive,A,Frequent
HSP11,26,Female,Heritage,Simultaneous,20,0,3,0,35,5,34,13,13,B,13,23,1,valorar,113028,,,1,Canonical,bailar,29935,Mood,Subjunctive,C,Infrequent
HSP11,26,Female,Heritage,Simultaneous,20,0,3,0,35,5,34,13,13,B,8,26,0,permitir,935997,,,0,Canonical,quedar,947469,Mood,Subjunctive,B,Frequent
HSP11,26,Female,Heritage,Simultaneous,20,0,3,0,35,5,34,13,13,B,18,28,0,sugerir,88224,,,0,Canonical,atar,15876,Mood,Subjunctive,D,Infrequent
HSP11,26,Female,Heritage,Simultaneous,20,0,3,0,35,5,34,13,13,B,4,31,0,querer,1263949,,,0,Canonical,quedar,947469,Mood,Subjunctive,A,Frequent
HSP11,26,Female,Heritage,Simultaneous,20,0,3,0,35,5,34,13,13,B,14,33,1,conseguir,129144,,,0,Canonical,viajar,78141,Mood,Subjunctive,C,Infrequent
HSP11,26,Female,Heritage,Simultaneous,20,0,3,0,35,5,34,13,13,B,9,36,1,necesitar,593469,,,1,Canonical,enviar,766523,Mood,Subjunctive,B,Frequent
HSP11,26,Female,Heritage,Simultaneous,20,0,3,0,35,5,34,13,13,B,19,38,1,ordenar,65158,,,1,Canonical,prestar,73724,Mood,Subjunctive,D,Infrequent
HSP11,26,Female,Heritage,Simultaneous,20,0,3,0,35,5,34,13,13,B,5,41,0,esperar,1409514,,,1,Canonical,enviar,766523,Mood,Subjunctive,A,Frequent
HSP11,26,Female,Heritage,Simultaneous,20,0,3,0,35,5,34,13,13,B,15,43,0,desear,148807,,,1,Canonical,robar,28182,Mood,Subjunctive,C,Infrequent
HSP11,26,Female,Heritage,Simultaneous,20,0,3,0,35,5,34,13,13,B,10,46,0,pedir,432187,,,0,Canonical,tratar,590952,Mood,Subjunctive,B,Frequent
HSP11,26,Female,Heritage,Simultaneous,20,0,3,0,35,5,34,13,13,B,20,48,1,valorar,113028,,,1,Canonical,viajar,78141,Mood,Subjunctive,D,Infrequent
HSP12,30,Male,Heritage,Sequential,18,0,7,0,35,4,42,19,19,B,1,1,1,permitir,935997,,,0,Canonical,tomar,506707,Mood,Subjunctive,A,Frequent
HSP12,30,Male,Heritage,Sequential,18,0,7,0,35,4,42,19,19,B,11,3,1,sugerir,88224,,,0,Canonical,prestar,73724,Mood,Subjunctive,C,Infrequent
HSP12,30,Male,Heritage,Sequential,18,0,7,0,35,4,42,19,19,B,6,6,1,querer,1263949,,,0,Canonical,dejar,696519,Mood,Subjunctive,B,Frequent
HSP12,30,Male,Heritage,Sequential,18,0,7,0,35,4,42,19,19,B,16,8,1,desear,148807,,,1,Canonical,bailar,29935,Mood,Subjunctive,D,Infrequent
HSP12,30,Male,Heritage,Sequential,18,0,7,0,35,4,42,19,19,B,2,11,1,pedir,432187,,,0,Canonical,dejar,696519,Mood,Subjunctive,A,Frequent
HSP12,30,Male,Heritage,Sequential,18,0,7,0,35,4,42,19,19,B,12,13,1,ordenar,65158,,,1,Canonical,atar,15876,Mood,Subjunctive,C,Infrequent
HSP12,30,Male,Heritage,Sequential,18,0,7,0,35,4,42,19,19,B,7,16,1,esperar,1409514,,,1,Canonical,atar,15876,Mood,Subjunctive,B,Frequent
HSP12,30,Male,Heritage,Sequential,18,0,7,0,35,4,42,19,19,B,17,18,1,conseguir,129144,,,0,Canonical,robar,28182,Mood,Subjunctive,D,Infrequent
HSP12,30,Male,Heritage,Sequential,18,0,7,0,35,4,42,19,19,B,3,21,1,necesitar,593469,,,1,Canonical,tratar,590952,Mood,Subjunctive,A,Frequent
HSP12,30,Male,Heritage,Sequential,18,0,7,0,35,4,42,19,19,B,13,23,1,valorar,113028,,,1,Canonical,bailar,29935,Mood,Subjunctive,C,Infrequent
HSP12,30,Male,Heritage,Sequential,18,0,7,0,35,4,42,19,19,B,8,26,1,permitir,935997,,,0,Canonical,quedar,947469,Mood,Subjunctive,B,Frequent
HSP12,30,Male,Heritage,Sequential,18,0,7,0,35,4,42,19,19,B,18,28,1,sugerir,88224,,,0,Canonical,atar,15876,Mood,Subjunctive,D,Infrequent
HSP12,30,Male,Heritage,Sequential,18,0,7,0,35,4,42,19,19,B,4,31,1,querer,1263949,,,0,Canonical,quedar,947469,Mood,Subjunctive,A,Frequent
HSP12,30,Male,Heritage,Sequential,18,0,7,0,35,4,42,19,19,B,14,33,1,conseguir,129144,,,0,Canonical,viajar,78141,Mood,Subjunctive,C,Infrequent
HSP12,30,Male,Heritage,Sequential,18,0,7,0,35,4,42,19,19,B,9,36,1,necesitar,593469,,,1,Canonical,enviar,766523,Mood,Subjunctive,B,Frequent
HSP12,30,Male,Heritage,Sequential,18,0,7,0,35,4,42,19,19,B,19,38,1,ordenar,65158,,,1,Canonical,prestar,73724,Mood,Subjunctive,D,Infrequent
HSP12,30,Male,Heritage,Sequential,18,0,7,0,35,4,42,19,19,B,5,41,1,esperar,1409514,,,1,Canonical,enviar,766523,Mood,Subjunctive,A,Frequent
HSP12,30,Male,Heritage,Sequential,18,0,7,0,35,4,42,19,19,B,15,43,1,desear,148807,,,1,Canonical,robar,28182,Mood,Subjunctive,C,Infrequent
HSP12,30,Male,Heritage,Sequential,18,0,7,0,35,4,42,19,19,B,10,46,1,pedir,432187,,,0,Canonical,tratar,590952,Mood,Subjunctive,B,Frequent
HSP12,30,Male,Heritage,Sequential,18,0,7,0,35,4,42,19,19,B,20,48,1,valorar,113028,,,1,Canonical,viajar,78141,Mood,Subjunctive,D,Infrequent
HSP13,34,Female,Heritage,Simultaneous,27,0,0,1.33,36,4,42,19,19,A,20,3,1,valorar,113028,,,1,Canonical,viajar,78141,Mood,Subjunctive,D,Infrequent
HSP13,34,Female,Heritage,Simultaneous,27,0,0,1.33,36,4,42,19,19,A,10,5,0,pedir,432187,,,0,Canonical,tratar,590952,Mood,Subjunctive,B,Frequent
HSP13,34,Female,Heritage,Simultaneous,27,0,0,1.33,36,4,42,19,19,A,15,8,0,desear,148807,,,1,Canonical,robar,28182,Mood,Subjunctive,C,Infrequent
HSP13,34,Female,Heritage,Simultaneous,27,0,0,1.33,36,4,42,19,19,A,5,10,1,esperar,1409514,,,1,Canonical,enviar,766523,Mood,Subjunctive,A,Frequent
HSP13,34,Female,Heritage,Simultaneous,27,0,0,1.33,36,4,42,19,19,A,19,13,0,ordenar,65158,,,1,Canonical,prestar,73724,Mood,Subjunctive,D,Infrequent
HSP13,34,Female,Heritage,Simultaneous,27,0,0,1.33,36,4,42,19,19,A,9,15,0,necesitar,593469,,,1,Canonical,enviar,766523,Mood,Subjunctive,B,Frequent
HSP13,34,Female,Heritage,Simultaneous,27,0,0,1.33,36,4,42,19,19,A,14,18,0,conseguir,129144,,,0,Canonical,viajar,78141,Mood,Subjunctive,C,Infrequent
HSP13,34,Female,Heritage,Simultaneous,27,0,0,1.33,36,4,42,19,19,A,4,20,1,querer,1263949,,,0,Canonical,quedar,947469,Mood,Subjunctive,A,Frequent
HSP13,34,Female,Heritage,Simultaneous,27,0,0,1.33,36,4,42,19,19,A,18,23,0,sugerir,88224,,,0,Canonical,atar,15876,Mood,Subjunctive,D,Infrequent
HSP13,34,Female,Heritage,Simultaneous,27,0,0,1.33,36,4,42,19,19,A,8,25,0,permitir,935997,,,0,Canonical,quedar,947469,Mood,Subjunctive,B,Frequent
HSP13,34,Female,Heritage,Simultaneous,27,0,0,1.33,36,4,42,19,19,A,13,28,0,valorar,113028,,,1,Canonical,bailar,29935,Mood,Subjunctive,C,Infrequent
HSP13,34,Female,Heritage,Simultaneous,27,0,0,1.33,36,4,42,19,19,A,3,30,1,necesitar,593469,,,1,Canonical,tratar,590952,Mood,Subjunctive,A,Frequent
HSP13,34,Female,Heritage,Simultaneous,27,0,0,1.33,36,4,42,19,19,A,17,33,1,conseguir,129144,,,0,Canonical,robar,28182,Mood,Subjunctive,D,Infrequent
HSP13,34,Female,Heritage,Simultaneous,27,0,0,1.33,36,4,42,19,19,A,7,35,0,esperar,1409514,,,1,Canonical,atar,15876,Mood,Subjunctive,B,Frequent
HSP13,34,Female,Heritage,Simultaneous,27,0,0,1.33,36,4,42,19,19,A,12,38,0,ordenar,65158,,,1,Canonical,atar,15876,Mood,Subjunctive,C,Infrequent
HSP13,34,Female,Heritage,Simultaneous,27,0,0,1.33,36,4,42,19,19,A,2,40,0,pedir,432187,,,0,Canonical,dejar,696519,Mood,Subjunctive,A,Frequent
HSP13,34,Female,Heritage,Simultaneous,27,0,0,1.33,36,4,42,19,19,A,16,43,0,desear,148807,,,1,Canonical,bailar,29935,Mood,Subjunctive,D,Infrequent
HSP13,34,Female,Heritage,Simultaneous,27,0,0,1.33,36,4,42,19,19,A,6,45,0,querer,1263949,,,0,Canonical,dejar,696519,Mood,Subjunctive,B,Frequent
HSP13,34,Female,Heritage,Simultaneous,27,0,0,1.33,36,4,42,19,19,A,11,48,0,sugerir,88224,,,0,Canonical,prestar,73724,Mood,Subjunctive,C,Infrequent
HSP13,34,Female,Heritage,Simultaneous,27,0,0,1.33,36,4,42,19,19,A,1,50,0,permitir,935997,,,0,Canonical,tomar,506707,Mood,Subjunctive,A,Frequent
HSP14,39,Female,Heritage,Simultaneous,20,0,0,0.08,34,4,28,13,16,B,1,1,0,permitir,935997,,,0,Canonical,tomar,506707,Mood,Subjunctive,A,Frequent
HSP14,39,Female,Heritage,Simultaneous,20,0,0,0.08,34,4,28,13,16,B,11,3,0,sugerir,88224,,,0,Canonical,prestar,73724,Mood,Subjunctive,C,Infrequent
HSP14,39,Female,Heritage,Simultaneous,20,0,0,0.08,34,4,28,13,16,B,6,6,1,querer,1263949,,,0,Canonical,dejar,696519,Mood,Subjunctive,B,Frequent
HSP14,39,Female,Heritage,Simultaneous,20,0,0,0.08,34,4,28,13,16,B,16,8,1,desear,148807,,,1,Canonical,bailar,29935,Mood,Subjunctive,D,Infrequent
HSP14,39,Female,Heritage,Simultaneous,20,0,0,0.08,34,4,28,13,16,B,2,11,1,pedir,432187,,,0,Canonical,dejar,696519,Mood,Subjunctive,A,Frequent
HSP14,39,Female,Heritage,Simultaneous,20,0,0,0.08,34,4,28,13,16,B,12,13,0,ordenar,65158,,,1,Canonical,atar,15876,Mood,Subjunctive,C,Infrequent
HSP14,39,Female,Heritage,Simultaneous,20,0,0,0.08,34,4,28,13,16,B,7,16,1,esperar,1409514,,,1,Canonical,atar,15876,Mood,Subjunctive,B,Frequent
HSP14,39,Female,Heritage,Simultaneous,20,0,0,0.08,34,4,28,13,16,B,17,18,0,conseguir,129144,,,0,Canonical,robar,28182,Mood,Subjunctive,D,Infrequent
HSP14,39,Female,Heritage,Simultaneous,20,0,0,0.08,34,4,28,13,16,B,3,21,0,necesitar,593469,,,1,Canonical,tratar,590952,Mood,Subjunctive,A,Frequent
HSP14,39,Female,Heritage,Simultaneous,20,0,0,0.08,34,4,28,13,16,B,13,23,0,valorar,113028,,,1,Canonical,bailar,29935,Mood,Subjunctive,C,Infrequent
HSP14,39,Female,Heritage,Simultaneous,20,0,0,0.08,34,4,28,13,16,B,8,26,0,permitir,935997,,,0,Canonical,quedar,947469,Mood,Subjunctive,B,Frequent
HSP14,39,Female,Heritage,Simultaneous,20,0,0,0.08,34,4,28,13,16,B,18,28,1,sugerir,88224,,,0,Canonical,atar,15876,Mood,Subjunctive,D,Infrequent
HSP14,39,Female,Heritage,Simultaneous,20,0,0,0.08,34,4,28,13,16,B,4,31,1,querer,1263949,,,0,Canonical,quedar,947469,Mood,Subjunctive,A,Frequent
HSP14,39,Female,Heritage,Simultaneous,20,0,0,0.08,34,4,28,13,16,B,14,33,1,conseguir,129144,,,0,Canonical,viajar,78141,Mood,Subjunctive,C,Infrequent
HSP14,39,Female,Heritage,Simultaneous,20,0,0,0.08,34,4,28,13,16,B,9,36,1,necesitar,593469,,,1,Canonical,enviar,766523,Mood,Subjunctive,B,Frequent
HSP14,39,Female,Heritage,Simultaneous,20,0,0,0.08,34,4,28,13,16,B,19,38,0,ordenar,65158,,,1,Canonical,prestar,73724,Mood,Subjunctive,D,Infrequent
HSP14,39,Female,Heritage,Simultaneous,20,0,0,0.08,34,4,28,13,16,B,5,41,1,esperar,1409514,,,1,Canonical,enviar,766523,Mood,Subjunctive,A,Frequent
HSP14,39,Female,Heritage,Simultaneous,20,0,0,0.08,34,4,28,13,16,B,15,43,1,desear,148807,,,1,Canonical,robar,28182,Mood,Subjunctive,C,Infrequent
HSP14,39,Female,Heritage,Simultaneous,20,0,0,0.08,34,4,28,13,16,B,10,46,0,pedir,432187,,,0,Canonical,tratar,590952,Mood,Subjunctive,B,Frequent
HSP14,39,Female,Heritage,Simultaneous,20,0,0,0.08,34,4,28,13,16,B,20,48,0,valorar,113028,,,1,Canonical,viajar,78141,Mood,Subjunctive,D,Infrequent
HSP15,41,Male,Heritage,Simultaneous,21,0,0,0.814,27,3,37,11,11,B,1,1,0,permitir,935997,,,0,Canonical,tomar,506707,Mood,Subjunctive,A,Frequent
HSP15,41,Male,Heritage,Simultaneous,21,0,0,0.814,27,3,37,11,11,B,11,3,1,sugerir,88224,,,0,Canonical,prestar,73724,Mood,Subjunctive,C,Infrequent
HSP15,41,Male,Heritage,Simultaneous,21,0,0,0.814,27,3,37,11,11,B,6,6,1,querer,1263949,,,0,Canonical,dejar,696519,Mood,Subjunctive,B,Frequent
HSP15,41,Male,Heritage,Simultaneous,21,0,0,0.814,27,3,37,11,11,B,16,8,1,desear,148807,,,1,Canonical,bailar,29935,Mood,Subjunctive,D,Infrequent
HSP15,41,Male,Heritage,Simultaneous,21,0,0,0.814,27,3,37,11,11,B,2,11,1,pedir,432187,,,0,Canonical,dejar,696519,Mood,Subjunctive,A,Frequent
HSP15,41,Male,Heritage,Simultaneous,21,0,0,0.814,27,3,37,11,11,B,12,13,0,ordenar,65158,,,1,Canonical,atar,15876,Mood,Subjunctive,C,Infrequent
HSP15,41,Male,Heritage,Simultaneous,21,0,0,0.814,27,3,37,11,11,B,7,16,1,esperar,1409514,,,1,Canonical,atar,15876,Mood,Subjunctive,B,Frequent
HSP15,41,Male,Heritage,Simultaneous,21,0,0,0.814,27,3,37,11,11,B,17,18,1,conseguir,129144,,,0,Canonical,robar,28182,Mood,Subjunctive,D,Infrequent
HSP15,41,Male,Heritage,Simultaneous,21,0,0,0.814,27,3,37,11,11,B,3,21,0,necesitar,593469,,,1,Canonical,tratar,590952,Mood,Subjunctive,A,Frequent
HSP15,41,Male,Heritage,Simultaneous,21,0,0,0.814,27,3,37,11,11,B,13,23,1,valorar,113028,,,1,Canonical,bailar,29935,Mood,Subjunctive,C,Infrequent
HSP15,41,Male,Heritage,Simultaneous,21,0,0,0.814,27,3,37,11,11,B,8,26,0,permitir,935997,,,0,Canonical,quedar,947469,Mood,Subjunctive,B,Frequent
HSP15,41,Male,Heritage,Simultaneous,21,0,0,0.814,27,3,37,11,11,B,18,28,1,sugerir,88224,,,0,Canonical,atar,15876,Mood,Subjunctive,D,Infrequent
HSP15,41,Male,Heritage,Simultaneous,21,0,0,0.814,27,3,37,11,11,B,4,31,1,querer,1263949,,,0,Canonical,quedar,947469,Mood,Subjunctive,A,Frequent
HSP15,41,Male,Heritage,Simultaneous,21,0,0,0.814,27,3,37,11,11,B,14,33,0,conseguir,129144,,,0,Canonical,viajar,78141,Mood,Subjunctive,C,Infrequent
HSP15,41,Male,Heritage,Simultaneous,21,0,0,0.814,27,3,37,11,11,B,9,36,0,necesitar,593469,,,1,Canonical,enviar,766523,Mood,Subjunctive,B,Frequent
HSP15,41,Male,Heritage,Simultaneous,21,0,0,0.814,27,3,37,11,11,B,19,38,0,ordenar,65158,,,1,Canonical,prestar,73724,Mood,Subjunctive,D,Infrequent
HSP15,41,Male,Heritage,Simultaneous,21,0,0,0.814,27,3,37,11,11,B,5,41,1,esperar,1409514,,,1,Canonical,enviar,766523,Mood,Subjunctive,A,Frequent
HSP15,41,Male,Heritage,Simultaneous,21,0,0,0.814,27,3,37,11,11,B,15,43,1,desear,148807,,,1,Canonical,robar,28182,Mood,Subjunctive,C,Infrequent
HSP15,41,Male,Heritage,Simultaneous,21,0,0,0.814,27,3,37,11,11,B,10,46,0,pedir,432187,,,0,Canonical,tratar,590952,Mood,Subjunctive,B,Frequent
HSP15,41,Male,Heritage,Simultaneous,21,0,0,0.814,27,3,37,11,11,B,20,48,1,valorar,113028,,,1,Canonical,viajar,78141,Mood,Subjunctive,D,Infrequent
HSP16,43,Female,Heritage,Sequential,21,0,3,0.333,40,5,31,18,17,A,20,3,1,valorar,113028,,,1,Canonical,viajar,78141,Mood,Subjunctive,D,Infrequent
HSP16,43,Female,Heritage,Sequential,21,0,3,0.333,40,5,31,18,17,A,10,5,1,pedir,432187,,,0,Canonical,tratar,590952,Mood,Subjunctive,B,Frequent
HSP16,43,Female,Heritage,Sequential,21,0,3,0.333,40,5,31,18,17,A,15,8,1,desear,148807,,,1,Canonical,robar,28182,Mood,Subjunctive,C,Infrequent
HSP16,43,Female,Heritage,Sequential,21,0,3,0.333,40,5,31,18,17,A,5,10,1,esperar,1409514,,,1,Canonical,enviar,766523,Mood,Subjunctive,A,Frequent
HSP16,43,Female,Heritage,Sequential,21,0,3,0.333,40,5,31,18,17,A,19,13,1,ordenar,65158,,,1,Canonical,prestar,73724,Mood,Subjunctive,D,Infrequent
HSP16,43,Female,Heritage,Sequential,21,0,3,0.333,40,5,31,18,17,A,9,15,1,necesitar,593469,,,1,Canonical,enviar,766523,Mood,Subjunctive,B,Frequent
HSP16,43,Female,Heritage,Sequential,21,0,3,0.333,40,5,31,18,17,A,14,18,1,conseguir,129144,,,0,Canonical,viajar,78141,Mood,Subjunctive,C,Infrequent
HSP16,43,Female,Heritage,Sequential,21,0,3,0.333,40,5,31,18,17,A,4,20,1,querer,1263949,,,0,Canonical,quedar,947469,Mood,Subjunctive,A,Frequent
HSP16,43,Female,Heritage,Sequential,21,0,3,0.333,40,5,31,18,17,A,18,23,1,sugerir,88224,,,0,Canonical,atar,15876,Mood,Subjunctive,D,Infrequent
HSP16,43,Female,Heritage,Sequential,21,0,3,0.333,40,5,31,18,17,A,8,25,1,permitir,935997,,,0,Canonical,quedar,947469,Mood,Subjunctive,B,Frequent
HSP16,43,Female,Heritage,Sequential,21,0,3,0.333,40,5,31,18,17,A,13,28,0,valorar,113028,,,1,Canonical,bailar,29935,Mood,Subjunctive,C,Infrequent
HSP16,43,Female,Heritage,Sequential,21,0,3,0.333,40,5,31,18,17,A,3,30,0,necesitar,593469,,,1,Canonical,tratar,590952,Mood,Subjunctive,A,Frequent
HSP16,43,Female,Heritage,Sequential,21,0,3,0.333,40,5,31,18,17,A,17,33,1,conseguir,129144,,,0,Canonical,robar,28182,Mood,Subjunctive,D,Infrequent
HSP16,43,Female,Heritage,Sequential,21,0,3,0.333,40,5,31,18,17,A,7,35,1,esperar,1409514,,,1,Canonical,atar,15876,Mood,Subjunctive,B,Frequent
HSP16,43,Female,Heritage,Sequential,21,0,3,0.333,40,5,31,18,17,A,12,38,1,ordenar,65158,,,1,Canonical,atar,15876,Mood,Subjunctive,C,Infrequent
HSP16,43,Female,Heritage,Sequential,21,0,3,0.333,40,5,31,18,17,A,2,40,1,pedir,432187,,,0,Canonical,dejar,696519,Mood,Subjunctive,A,Frequent
HSP16,43,Female,Heritage,Sequential,21,0,3,0.333,40,5,31,18,17,A,16,43,1,desear,148807,,,1,Canonical,bailar,29935,Mood,Subjunctive,D,Infrequent
HSP16,43,Female,Heritage,Sequential,21,0,3,0.333,40,5,31,18,17,A,6,45,1,querer,1263949,,,0,Canonical,dejar,696519,Mood,Subjunctive,B,Frequent
HSP16,43,Female,Heritage,Sequential,21,0,3,0.333,40,5,31,18,17,A,11,48,1,sugerir,88224,,,0,Canonical,prestar,73724,Mood,Subjunctive,C,Infrequent
HSP16,43,Female,Heritage,Sequential,21,0,3,0.333,40,5,31,18,17,A,1,50,1,permitir,935997,,,0,Canonical,tomar,506707,Mood,Subjunctive,A,Frequent
HSP17,44,Male,Heritage,Sequential,22,0,4,0,38,6,45,15,15,A,20,3,1,valorar,113028,,,1,Canonical,viajar,78141,Mood,Subjunctive,D,Infrequent
HSP17,44,Male,Heritage,Sequential,22,0,4,0,38,6,45,15,15,A,10,5,1,pedir,432187,,,0,Canonical,tratar,590952,Mood,Subjunctive,B,Frequent
HSP17,44,Male,Heritage,Sequential,22,0,4,0,38,6,45,15,15,A,15,8,1,desear,148807,,,1,Canonical,robar,28182,Mood,Subjunctive,C,Infrequent
HSP17,44,Male,Heritage,Sequential,22,0,4,0,38,6,45,15,15,A,5,10,1,esperar,1409514,,,1,Canonical,enviar,766523,Mood,Subjunctive,A,Frequent
HSP17,44,Male,Heritage,Sequential,22,0,4,0,38,6,45,15,15,A,19,13,1,ordenar,65158,,,1,Canonical,prestar,73724,Mood,Subjunctive,D,Infrequent
HSP17,44,Male,Heritage,Sequential,22,0,4,0,38,6,45,15,15,A,9,15,1,necesitar,593469,,,1,Canonical,enviar,766523,Mood,Subjunctive,B,Frequent
HSP17,44,Male,Heritage,Sequential,22,0,4,0,38,6,45,15,15,A,14,18,1,conseguir,129144,,,0,Canonical,viajar,78141,Mood,Subjunctive,C,Infrequent
HSP17,44,Male,Heritage,Sequential,22,0,4,0,38,6,45,15,15,A,4,20,1,querer,1263949,,,0,Canonical,quedar,947469,Mood,Subjunctive,A,Frequent
HSP17,44,Male,Heritage,Sequential,22,0,4,0,38,6,45,15,15,A,18,23,1,sugerir,88224,,,0,Canonical,atar,15876,Mood,Subjunctive,D,Infrequent
HSP17,44,Male,Heritage,Sequential,22,0,4,0,38,6,45,15,15,A,8,25,1,permitir,935997,,,0,Canonical,quedar,947469,Mood,Subjunctive,B,Frequent
HSP17,44,Male,Heritage,Sequential,22,0,4,0,38,6,45,15,15,A,13,28,0,valorar,113028,,,1,Canonical,bailar,29935,Mood,Subjunctive,C,Infrequent
HSP17,44,Male,Heritage,Sequential,22,0,4,0,38,6,45,15,15,A,3,30,1,necesitar,593469,,,1,Canonical,tratar,590952,Mood,Subjunctive,A,Frequent
HSP17,44,Male,Heritage,Sequential,22,0,4,0,38,6,45,15,15,A,17,33,1,conseguir,129144,,,0,Canonical,robar,28182,Mood,Subjunctive,D,Infrequent
HSP17,44,Male,Heritage,Sequential,22,0,4,0,38,6,45,15,15,A,7,35,1,esperar,1409514,,,1,Canonical,atar,15876,Mood,Subjunctive,B,Frequent
HSP17,44,Male,Heritage,Sequential,22,0,4,0,38,6,45,15,15,A,12,38,0,ordenar,65158,,,1,Canonical,atar,15876,Mood,Subjunctive,C,Infrequent
HSP17,44,Male,Heritage,Sequential,22,0,4,0,38,6,45,15,15,A,2,40,1,pedir,432187,,,0,Canonical,dejar,696519,Mood,Subjunctive,A,Frequent
HSP17,44,Male,Heritage,Sequential,22,0,4,0,38,6,45,15,15,A,16,43,1,desear,148807,,,1,Canonical,bailar,29935,Mood,Subjunctive,D,Infrequent
HSP17,44,Male,Heritage,Sequential,22,0,4,0,38,6,45,15,15,A,6,45,1,querer,1263949,,,0,Canonical,dejar,696519,Mood,Subjunctive,B,Frequent
HSP17,44,Male,Heritage,Sequential,22,0,4,0,38,6,45,15,15,A,11,48,1,sugerir,88224,,,0,Canonical,prestar,73724,Mood,Subjunctive,C,Infrequent
HSP17,44,Male,Heritage,Sequential,22,0,4,0,38,6,45,15,15,A,1,50,1,permitir,935997,,,0,Canonical,tomar,506707,Mood,Subjunctive,A,Frequent
HSP19,45,Male,Heritage,Simultaneous,22,0,0,0,36,4,30,16,20,A,20,3,1,valorar,113028,,,1,Canonical,viajar,78141,Mood,Subjunctive,D,Infrequent
HSP19,45,Male,Heritage,Simultaneous,22,0,0,0,36,4,30,16,20,A,10,5,0,pedir,432187,,,0,Canonical,tratar,590952,Mood,Subjunctive,B,Frequent
HSP19,45,Male,Heritage,Simultaneous,22,0,0,0,36,4,30,16,20,A,15,8,0,desear,148807,,,1,Canonical,robar,28182,Mood,Subjunctive,C,Infrequent
HSP19,45,Male,Heritage,Simultaneous,22,0,0,0,36,4,30,16,20,A,5,10,1,esperar,1409514,,,1,Canonical,enviar,766523,Mood,Subjunctive,A,Frequent
HSP19,45,Male,Heritage,Simultaneous,22,0,0,0,36,4,30,16,20,A,19,13,1,ordenar,65158,,,1,Canonical,prestar,73724,Mood,Subjunctive,D,Infrequent
HSP19,45,Male,Heritage,Simultaneous,22,0,0,0,36,4,30,16,20,A,9,15,0,necesitar,593469,,,1,Canonical,enviar,766523,Mood,Subjunctive,B,Frequent
HSP19,45,Male,Heritage,Simultaneous,22,0,0,0,36,4,30,16,20,A,14,18,1,conseguir,129144,,,0,Canonical,viajar,78141,Mood,Subjunctive,C,Infrequent
HSP19,45,Male,Heritage,Simultaneous,22,0,0,0,36,4,30,16,20,A,4,20,1,querer,1263949,,,0,Canonical,quedar,947469,Mood,Subjunctive,A,Frequent
HSP19,45,Male,Heritage,Simultaneous,22,0,0,0,36,4,30,16,20,A,18,23,1,sugerir,88224,,,0,Canonical,atar,15876,Mood,Subjunctive,D,Infrequent
HSP19,45,Male,Heritage,Simultaneous,22,0,0,0,36,4,30,16,20,A,8,25,0,permitir,935997,,,0,Canonical,quedar,947469,Mood,Subjunctive,B,Frequent
HSP19,45,Male,Heritage,Simultaneous,22,0,0,0,36,4,30,16,20,A,13,28,1,valorar,113028,,,1,Canonical,bailar,29935,Mood,Subjunctive,C,Infrequent
HSP19,45,Male,Heritage,Simultaneous,22,0,0,0,36,4,30,16,20,A,3,30,1,necesitar,593469,,,1,Canonical,tratar,590952,Mood,Subjunctive,A,Frequent
HSP19,45,Male,Heritage,Simultaneous,22,0,0,0,36,4,30,16,20,A,17,33,0,conseguir,129144,,,0,Canonical,robar,28182,Mood,Subjunctive,D,Infrequent
HSP19,45,Male,Heritage,Simultaneous,22,0,0,0,36,4,30,16,20,A,7,35,1,esperar,1409514,,,1,Canonical,atar,15876,Mood,Subjunctive,B,Frequent
HSP19,45,Male,Heritage,Simultaneous,22,0,0,0,36,4,30,16,20,A,12,38,0,ordenar,65158,,,1,Canonical,atar,15876,Mood,Subjunctive,C,Infrequent
HSP19,45,Male,Heritage,Simultaneous,22,0,0,0,36,4,30,16,20,A,2,40,0,pedir,432187,,,0,Canonical,dejar,696519,Mood,Subjunctive,A,Frequent
HSP19,45,Male,Heritage,Simultaneous,22,0,0,0,36,4,30,16,20,A,16,43,1,desear,148807,,,1,Canonical,bailar,29935,Mood,Subjunctive,D,Infrequent
HSP19,45,Male,Heritage,Simultaneous,22,0,0,0,36,4,30,16,20,A,6,45,1,querer,1263949,,,0,Canonical,dejar,696519,Mood,Subjunctive,B,Frequent
HSP19,45,Male,Heritage,Simultaneous,22,0,0,0,36,4,30,16,20,A,11,48,1,sugerir,88224,,,0,Canonical,prestar,73724,Mood,Subjunctive,C,Infrequent
HSP19,45,Male,Heritage,Simultaneous,22,0,0,0,36,4,30,16,20,A,1,50,1,permitir,935997,,,0,Canonical,tomar,506707,Mood,Subjunctive,A,Frequent
HSP20,62,Female,Heritage,Sequential,23,0,4,0.25,35,2,42,7,6,B,1,1,0,permitir,935997,,,0,Canonical,tomar,506707,Mood,Subjunctive,A,Frequent
HSP20,62,Female,Heritage,Sequential,23,0,4,0.25,35,2,42,7,6,B,11,3,1,sugerir,88224,,,0,Canonical,prestar,73724,Mood,Subjunctive,C,Infrequent
HSP20,62,Female,Heritage,Sequential,23,0,4,0.25,35,2,42,7,6,B,6,6,1,querer,1263949,,,0,Canonical,dejar,696519,Mood,Subjunctive,B,Frequent
HSP20,62,Female,Heritage,Sequential,23,0,4,0.25,35,2,42,7,6,B,16,8,0,desear,148807,,,1,Canonical,bailar,29935,Mood,Subjunctive,D,Infrequent
HSP20,62,Female,Heritage,Sequential,23,0,4,0.25,35,2,42,7,6,B,2,11,1,pedir,432187,,,0,Canonical,dejar,696519,Mood,Subjunctive,A,Frequent
HSP20,62,Female,Heritage,Sequential,23,0,4,0.25,35,2,42,7,6,B,12,13,1,ordenar,65158,,,1,Canonical,atar,15876,Mood,Subjunctive,C,Infrequent
HSP20,62,Female,Heritage,Sequential,23,0,4,0.25,35,2,42,7,6,B,7,16,1,esperar,1409514,,,1,Canonical,atar,15876,Mood,Subjunctive,B,Frequent
HSP20,62,Female,Heritage,Sequential,23,0,4,0.25,35,2,42,7,6,B,17,18,0,conseguir,129144,,,0,Canonical,robar,28182,Mood,Subjunctive,D,Infrequent
HSP20,62,Female,Heritage,Sequential,23,0,4,0.25,35,2,42,7,6,B,3,21,1,necesitar,593469,,,1,Canonical,tratar,590952,Mood,Subjunctive,A,Frequent
HSP20,62,Female,Heritage,Sequential,23,0,4,0.25,35,2,42,7,6,B,13,23,0,valorar,113028,,,1,Canonical,bailar,29935,Mood,Subjunctive,C,Infrequent
HSP20,62,Female,Heritage,Sequential,23,0,4,0.25,35,2,42,7,6,B,8,26,0,permitir,935997,,,0,Canonical,quedar,947469,Mood,Subjunctive,B,Frequent
HSP20,62,Female,Heritage,Sequential,23,0,4,0.25,35,2,42,7,6,B,18,28,1,sugerir,88224,,,0,Canonical,atar,15876,Mood,Subjunctive,D,Infrequent
HSP21,63,Female,Heritage,Simultaneous,18,0,0,0,22,2,42,12,15,A,20,3,1,valorar,113028,,,1,Canonical,viajar,78141,Mood,Subjunctive,D,Infrequent
HSP21,63,Female,Heritage,Simultaneous,18,0,0,0,22,2,42,12,15,A,10,5,0,pedir,432187,,,0,Canonical,tratar,590952,Mood,Subjunctive,B,Frequent
HSP21,63,Female,Heritage,Simultaneous,18,0,0,0,22,2,42,12,15,A,15,8,0,desear,148807,,,1,Canonical,robar,28182,Mood,Subjunctive,C,Infrequent
HSP21,63,Female,Heritage,Simultaneous,18,0,0,0,22,2,42,12,15,A,5,10,1,esperar,1409514,,,1,Canonical,enviar,766523,Mood,Subjunctive,A,Frequent
HSP21,63,Female,Heritage,Simultaneous,18,0,0,0,22,2,42,12,15,A,19,13,0,ordenar,65158,,,1,Canonical,prestar,73724,Mood,Subjunctive,D,Infrequent
HSP21,63,Female,Heritage,Simultaneous,18,0,0,0,22,2,42,12,15,A,9,15,0,necesitar,593469,,,1,Canonical,enviar,766523,Mood,Subjunctive,B,Frequent
HSP21,63,Female,Heritage,Simultaneous,18,0,0,0,22,2,42,12,15,A,14,18,0,conseguir,129144,,,0,Canonical,viajar,78141,Mood,Subjunctive,C,Infrequent
HSP21,63,Female,Heritage,Simultaneous,18,0,0,0,22,2,42,12,15,A,4,20,0,querer,1263949,,,0,Canonical,quedar,947469,Mood,Subjunctive,A,Frequent
HSP21,63,Female,Heritage,Simultaneous,18,0,0,0,22,2,42,12,15,A,4,31,0,querer,1263949,,,0,Canonical,quedar,947469,Mood,Subjunctive,A,Frequent
HSP21,63,Female,Heritage,Simultaneous,18,0,0,0,22,2,42,12,15,A,14,33,1,conseguir,129144,,,0,Canonical,viajar,78141,Mood,Subjunctive,C,Infrequent
HSP21,63,Female,Heritage,Simultaneous,18,0,0,0,22,2,42,12,15,A,9,36,1,necesitar,593469,,,1,Canonical,enviar,766523,Mood,Subjunctive,B,Frequent
HSP21,63,Female,Heritage,Simultaneous,18,0,0,0,22,2,42,12,15,A,19,38,0,ordenar,65158,,,1,Canonical,prestar,73724,Mood,Subjunctive,D,Infrequent
HSP21,63,Female,Heritage,Simultaneous,18,0,0,0,22,2,42,12,15,A,5,41,1,esperar,1409514,,,1,Canonical,enviar,766523,Mood,Subjunctive,A,Frequent
HSP21,63,Female,Heritage,Simultaneous,18,0,0,0,22,2,42,12,15,A,15,43,1,desear,148807,,,1,Canonical,robar,28182,Mood,Subjunctive,C,Infrequent
HSP21,63,Female,Heritage,Simultaneous,18,0,0,0,22,2,42,12,15,A,10,46,1,pedir,432187,,,0,Canonical,tratar,590952,Mood,Subjunctive,B,Frequent
HSP21,63,Female,Heritage,Simultaneous,18,0,0,0,22,2,42,12,15,A,20,48,1,valorar,113028,,,1,Canonical,viajar,78141,Mood,Subjunctive,D,Infrequent
HSP22,90,Female,Heritage,Sequential,32,0,4,3,14,0,32,5,6,B,1,1,0,permitir,935997,,,0,Canonical,tomar,506707,Mood,Subjunctive,A,Frequent
HSP22,90,Female,Heritage,Sequential,32,0,4,3,14,0,32,5,6,B,11,3,0,sugerir,88224,,,0,Canonical,prestar,73724,Mood,Subjunctive,C,Infrequent
HSP22,90,Female,Heritage,Sequential,32,0,4,3,14,0,32,5,6,B,6,6,1,querer,1263949,,,0,Canonical,dejar,696519,Mood,Subjunctive,B,Frequent
HSP22,90,Female,Heritage,Sequential,32,0,4,3,14,0,32,5,6,B,16,8,0,desear,148807,,,1,Canonical,bailar,29935,Mood,Subjunctive,D,Infrequent
HSP22,90,Female,Heritage,Sequential,32,0,4,3,14,0,32,5,6,B,2,11,1,pedir,432187,,,0,Canonical,dejar,696519,Mood,Subjunctive,A,Frequent
HSP22,90,Female,Heritage,Sequential,32,0,4,3,14,0,32,5,6,B,12,13,1,ordenar,65158,,,1,Canonical,atar,15876,Mood,Subjunctive,C,Infrequent
HSP22,90,Female,Heritage,Sequential,32,0,4,3,14,0,32,5,6,B,7,16,0,esperar,1409514,,,1,Canonical,atar,15876,Mood,Subjunctive,B,Frequent
HSP22,90,Female,Heritage,Sequential,32,0,4,3,14,0,32,5,6,B,17,18,0,conseguir,129144,,,0,Canonical,robar,28182,Mood,Subjunctive,D,Infrequent
HSP22,90,Female,Heritage,Sequential,32,0,4,3,14,0,32,5,6,B,3,21,0,necesitar,593469,,,1,Canonical,tratar,590952,Mood,Subjunctive,A,Frequent
HSP22,90,Female,Heritage,Sequential,32,0,4,3,14,0,32,5,6,B,13,23,0,valorar,113028,,,1,Canonical,bailar,29935,Mood,Subjunctive,C,Infrequent
HSP22,90,Female,Heritage,Sequential,32,0,4,3,14,0,32,5,6,B,8,26,0,permitir,935997,,,0,Canonical,quedar,947469,Mood,Subjunctive,B,Frequent
HSP22,90,Female,Heritage,Sequential,32,0,4,3,14,0,32,5,6,B,18,28,0,sugerir,88224,,,0,Canonical,atar,15876,Mood,Subjunctive,D,Infrequent
HSP22,90,Female,Heritage,Sequential,32,0,4,3,14,0,32,5,6,B,4,31,0,querer,1263949,,,0,Canonical,quedar,947469,Mood,Subjunctive,A,Frequent
HSP22,90,Female,Heritage,Sequential,32,0,4,3,14,0,32,5,6,B,14,33,1,conseguir,129144,,,0,Canonical,viajar,78141,Mood,Subjunctive,C,Infrequent
HSP22,90,Female,Heritage,Sequential,32,0,4,3,14,0,32,5,6,B,9,36,0,necesitar,593469,,,1,Canonical,enviar,766523,Mood,Subjunctive,B,Frequent
HSP22,90,Female,Heritage,Sequential,32,0,4,3,14,0,32,5,6,B,19,38,1,ordenar,65158,,,1,Canonical,prestar,73724,Mood,Subjunctive,D,Infrequent
HSP22,90,Female,Heritage,Sequential,32,0,4,3,14,0,32,5,6,B,5,41,0,esperar,1409514,,,1,Canonical,enviar,766523,Mood,Subjunctive,A,Frequent
HSP22,90,Female,Heritage,Sequential,32,0,4,3,14,0,32,5,6,B,15,43,0,desear,148807,,,1,Canonical,robar,28182,Mood,Subjunctive,C,Infrequent
HSP22,90,Female,Heritage,Sequential,32,0,4,3,14,0,32,5,6,B,10,46,1,pedir,432187,,,0,Canonical,tratar,590952,Mood,Subjunctive,B,Frequent
HSP22,90,Female,Heritage,Sequential,32,0,4,3,14,0,32,5,6,B,20,48,1,valorar,113028,,,1,Canonical,viajar,78141,Mood,Subjunctive,D,Infrequent
HSP23,66,Female,Heritage,Sequential,32,0,4,1,40,10,42,19,20,A,20,3,0,valorar,113028,,,1,Canonical,viajar,78141,Mood,Subjunctive,D,Infrequent
HSP23,66,Female,Heritage,Sequential,32,0,4,1,40,10,42,19,20,A,10,5,0,pedir,432187,,,0,Canonical,tratar,590952,Mood,Subjunctive,B,Frequent
HSP23,66,Female,Heritage,Sequential,32,0,4,1,40,10,42,19,20,A,15,8,0,desear,148807,,,1,Canonical,robar,28182,Mood,Subjunctive,C,Infrequent
HSP23,66,Female,Heritage,Sequential,32,0,4,1,40,10,42,19,20,A,5,10,1,esperar,1409514,,,1,Canonical,enviar,766523,Mood,Subjunctive,A,Frequent
HSP23,66,Female,Heritage,Sequential,32,0,4,1,40,10,42,19,20,A,19,13,1,ordenar,65158,,,1,Canonical,prestar,73724,Mood,Subjunctive,D,Infrequent
HSP23,66,Female,Heritage,Sequential,32,0,4,1,40,10,42,19,20,A,9,15,0,necesitar,593469,,,1,Canonical,enviar,766523,Mood,Subjunctive,B,Frequent
HSP23,66,Female,Heritage,Sequential,32,0,4,1,40,10,42,19,20,A,14,18,0,conseguir,129144,,,0,Canonical,viajar,78141,Mood,Subjunctive,C,Infrequent
HSP23,66,Female,Heritage,Sequential,32,0,4,1,40,10,42,19,20,A,4,20,0,querer,1263949,,,0,Canonical,quedar,947469,Mood,Subjunctive,A,Frequent
HSP23,66,Female,Heritage,Sequential,32,0,4,1,40,10,42,19,20,A,18,23,0,sugerir,88224,,,0,Canonical,atar,15876,Mood,Subjunctive,D,Infrequent
HSP23,66,Female,Heritage,Sequential,32,0,4,1,40,10,42,19,20,A,8,25,0,permitir,935997,,,0,Canonical,quedar,947469,Mood,Subjunctive,B,Frequent
HSP23,66,Female,Heritage,Sequential,32,0,4,1,40,10,42,19,20,A,13,28,0,valorar,113028,,,1,Canonical,bailar,29935,Mood,Subjunctive,C,Infrequent
HSP23,66,Female,Heritage,Sequential,32,0,4,1,40,10,42,19,20,A,3,30,0,necesitar,593469,,,1,Canonical,tratar,590952,Mood,Subjunctive,A,Frequent
HSP23,66,Female,Heritage,Sequential,32,0,4,1,40,10,42,19,20,A,17,33,0,conseguir,129144,,,0,Canonical,robar,28182,Mood,Subjunctive,D,Infrequent
HSP23,66,Female,Heritage,Sequential,32,0,4,1,40,10,42,19,20,A,7,35,0,esperar,1409514,,,1,Canonical,atar,15876,Mood,Subjunctive,B,Frequent
HSP23,66,Female,Heritage,Sequential,32,0,4,1,40,10,42,19,20,A,12,38,1,ordenar,65158,,,1,Canonical,atar,15876,Mood,Subjunctive,C,Infrequent
HSP23,66,Female,Heritage,Sequential,32,0,4,1,40,10,42,19,20,A,2,40,0,pedir,432187,,,0,Canonical,dejar,696519,Mood,Subjunctive,A,Frequent
HSP23,66,Female,Heritage,Sequential,32,0,4,1,40,10,42,19,20,A,16,43,0,desear,148807,,,1,Canonical,bailar,29935,Mood,Subjunctive,D,Infrequent
HSP23,66,Female,Heritage,Sequential,32,0,4,1,40,10,42,19,20,A,6,45,0,querer,1263949,,,0,Canonical,dejar,696519,Mood,Subjunctive,B,Frequent
HSP23,66,Female,Heritage,Sequential,32,0,4,1,40,10,42,19,20,A,11,48,0,sugerir,88224,,,0,Canonical,prestar,73724,Mood,Subjunctive,C,Infrequent
HSP23,66,Female,Heritage,Sequential,32,0,4,1,40,10,42,19,20,A,1,50,0,permitir,935997,,,0,Canonical,tomar,506707,Mood,Subjunctive,A,Frequent
HSP24,70,Female,Heritage,Sequential,28,0,5,4.5,40,3,48,16,16,B,1,1,1,permitir,935997,,,0,Canonical,tomar,506707,Mood,Subjunctive,A,Frequent
HSP24,70,Female,Heritage,Sequential,28,0,5,4.5,40,3,48,16,16,B,11,3,1,sugerir,88224,,,0,Canonical,prestar,73724,Mood,Subjunctive,C,Infrequent
HSP24,70,Female,Heritage,Sequential,28,0,5,4.5,40,3,48,16,16,B,6,6,1,querer,1263949,,,0,Canonical,dejar,696519,Mood,Subjunctive,B,Frequent
HSP24,70,Female,Heritage,Sequential,28,0,5,4.5,40,3,48,16,16,B,16,8,1,desear,148807,,,1,Canonical,bailar,29935,Mood,Subjunctive,D,Infrequent
HSP24,70,Female,Heritage,Sequential,28,0,5,4.5,40,3,48,16,16,B,2,11,1,pedir,432187,,,0,Canonical,dejar,696519,Mood,Subjunctive,A,Frequent
HSP24,70,Female,Heritage,Sequential,28,0,5,4.5,40,3,48,16,16,B,12,13,1,ordenar,65158,,,1,Canonical,atar,15876,Mood,Subjunctive,C,Infrequent
HSP24,70,Female,Heritage,Sequential,28,0,5,4.5,40,3,48,16,16,B,7,16,1,esperar,1409514,,,1,Canonical,atar,15876,Mood,Subjunctive,B,Frequent
HSP24,70,Female,Heritage,Sequential,28,0,5,4.5,40,3,48,16,16,B,17,18,1,conseguir,129144,,,0,Canonical,robar,28182,Mood,Subjunctive,D,Infrequent
HSP24,70,Female,Heritage,Sequential,28,0,5,4.5,40,3,48,16,16,B,3,21,1,necesitar,593469,,,1,Canonical,tratar,590952,Mood,Subjunctive,A,Frequent
HSP24,70,Female,Heritage,Sequential,28,0,5,4.5,40,3,48,16,16,B,13,23,1,valorar,113028,,,1,Canonical,bailar,29935,Mood,Subjunctive,C,Infrequent
HSP24,70,Female,Heritage,Sequential,28,0,5,4.5,40,3,48,16,16,B,8,26,1,permitir,935997,,,0,Canonical,quedar,947469,Mood,Subjunctive,B,Frequent
HSP24,70,Female,Heritage,Sequential,28,0,5,4.5,40,3,48,16,16,B,18,28,1,sugerir,88224,,,0,Canonical,atar,15876,Mood,Subjunctive,D,Infrequent
HSP24,70,Female,Heritage,Sequential,28,0,5,4.5,40,3,48,16,16,B,4,31,1,querer,1263949,,,0,Canonical,quedar,947469,Mood,Subjunctive,A,Frequent
HSP24,70,Female,Heritage,Sequential,28,0,5,4.5,40,3,48,16,16,B,14,33,1,conseguir,129144,,,0,Canonical,viajar,78141,Mood,Subjunctive,C,Infrequent
HSP24,70,Female,Heritage,Sequential,28,0,5,4.5,40,3,48,16,16,B,9,36,1,necesitar,593469,,,1,Canonical,enviar,766523,Mood,Subjunctive,B,Frequent
HSP24,70,Female,Heritage,Sequential,28,0,5,4.5,40,3,48,16,16,B,19,38,1,ordenar,65158,,,1,Canonical,prestar,73724,Mood,Subjunctive,D,Infrequent
HSP24,70,Female,Heritage,Sequential,28,0,5,4.5,40,3,48,16,16,B,5,41,1,esperar,1409514,,,1,Canonical,enviar,766523,Mood,Subjunctive,A,Frequent
HSP24,70,Female,Heritage,Sequential,28,0,5,4.5,40,3,48,16,16,B,15,43,1,desear,148807,,,1,Canonical,robar,28182,Mood,Subjunctive,C,Infrequent
HSP24,70,Female,Heritage,Sequential,28,0,5,4.5,40,3,48,16,16,B,10,46,1,pedir,432187,,,0,Canonical,tratar,590952,Mood,Subjunctive,B,Frequent
HSP24,70,Female,Heritage,Sequential,28,0,5,4.5,40,3,48,16,16,B,20,48,1,valorar,113028,,,1,Canonical,viajar,78141,Mood,Subjunctive,D,Infrequent
HSP25,73,Female,Heritage,Sequential,20,0,3,0,40,5,42,15,15,A,1,1,1,permitir,935997,,,0,Canonical,tomar,506707,Mood,Subjunctive,A,Frequent
HSP25,73,Female,Heritage,Sequential,20,0,3,0,40,5,42,15,15,A,11,3,1,sugerir,88224,,,0,Canonical,prestar,73724,Mood,Subjunctive,C,Infrequent
HSP25,73,Female,Heritage,Sequential,20,0,3,0,40,5,42,15,15,A,6,6,1,querer,1263949,,,0,Canonical,dejar,696519,Mood,Subjunctive,B,Frequent
HSP25,73,Female,Heritage,Sequential,20,0,3,0,40,5,42,15,15,A,16,8,1,desear,148807,,,1,Canonical,bailar,29935,Mood,Subjunctive,D,Infrequent
HSP25,73,Female,Heritage,Sequential,20,0,3,0,40,5,42,15,15,A,2,11,1,pedir,432187,,,0,Canonical,dejar,696519,Mood,Subjunctive,A,Frequent
HSP25,73,Female,Heritage,Sequential,20,0,3,0,40,5,42,15,15,A,12,13,1,ordenar,65158,,,1,Canonical,atar,15876,Mood,Subjunctive,C,Infrequent
HSP25,73,Female,Heritage,Sequential,20,0,3,0,40,5,42,15,15,A,7,16,1,esperar,1409514,,,1,Canonical,atar,15876,Mood,Subjunctive,B,Frequent
HSP25,73,Female,Heritage,Sequential,20,0,3,0,40,5,42,15,15,A,17,18,1,conseguir,129144,,,0,Canonical,robar,28182,Mood,Subjunctive,D,Infrequent
HSP25,73,Female,Heritage,Sequential,20,0,3,0,40,5,42,15,15,A,18,23,1,sugerir,88224,,,0,Canonical,atar,15876,Mood,Subjunctive,D,Infrequent
HSP25,73,Female,Heritage,Sequential,20,0,3,0,40,5,42,15,15,A,8,25,1,permitir,935997,,,0,Canonical,quedar,947469,Mood,Subjunctive,B,Frequent
HSP25,73,Female,Heritage,Sequential,20,0,3,0,40,5,42,15,15,A,13,28,1,valorar,113028,,,1,Canonical,bailar,29935,Mood,Subjunctive,C,Infrequent
HSP25,73,Female,Heritage,Sequential,20,0,3,0,40,5,42,15,15,A,3,30,1,necesitar,593469,,,1,Canonical,tratar,590952,Mood,Subjunctive,A,Frequent
HSP25,73,Female,Heritage,Sequential,20,0,3,0,40,5,42,15,15,A,17,33,1,conseguir,129144,,,0,Canonical,robar,28182,Mood,Subjunctive,D,Infrequent
HSP25,73,Female,Heritage,Sequential,20,0,3,0,40,5,42,15,15,A,7,35,1,esperar,1409514,,,1,Canonical,atar,15876,Mood,Subjunctive,B,Frequent
HSP25,73,Female,Heritage,Sequential,20,0,3,0,40,5,42,15,15,A,12,38,1,ordenar,65158,,,1,Canonical,atar,15876,Mood,Subjunctive,C,Infrequent
HSP25,73,Female,Heritage,Sequential,20,0,3,0,40,5,42,15,15,A,2,40,1,pedir,432187,,,0,Canonical,dejar,696519,Mood,Subjunctive,A,Frequent
HSP25,73,Female,Heritage,Sequential,20,0,3,0,40,5,42,15,15,A,16,43,1,desear,148807,,,1,Canonical,bailar,29935,Mood,Subjunctive,D,Infrequent
HSP25,73,Female,Heritage,Sequential,20,0,3,0,40,5,42,15,15,A,6,45,1,querer,1263949,,,0,Canonical,dejar,696519,Mood,Subjunctive,B,Frequent
HSP25,73,Female,Heritage,Sequential,20,0,3,0,40,5,42,15,15,A,11,48,1,sugerir,88224,,,0,Canonical,prestar,73724,Mood,Subjunctive,C,Infrequent
HSP25,73,Female,Heritage,Sequential,20,0,3,0,40,5,42,15,15,A,1,50,1,permitir,935997,,,0,Canonical,tomar,506707,Mood,Subjunctive,A,Frequent
HSP27,78,Female,Heritage,Sequential,25,0,3,0,40,5,43,18,17,A,1,1,1,permitir,935997,,,0,Canonical,tomar,506707,Mood,Subjunctive,A,Frequent
HSP27,78,Female,Heritage,Sequential,25,0,3,0,40,5,43,18,17,A,11,3,1,sugerir,88224,,,0,Canonical,prestar,73724,Mood,Subjunctive,C,Infrequent
HSP27,78,Female,Heritage,Sequential,25,0,3,0,40,5,43,18,17,A,6,6,1,querer,1263949,,,0,Canonical,dejar,696519,Mood,Subjunctive,B,Frequent
HSP27,78,Female,Heritage,Sequential,25,0,3,0,40,5,43,18,17,A,16,8,1,desear,148807,,,1,Canonical,bailar,29935,Mood,Subjunctive,D,Infrequent
HSP27,78,Female,Heritage,Sequential,25,0,3,0,40,5,43,18,17,A,2,11,1,pedir,432187,,,0,Canonical,dejar,696519,Mood,Subjunctive,A,Frequent
HSP27,78,Female,Heritage,Sequential,25,0,3,0,40,5,43,18,17,A,12,13,1,ordenar,65158,,,1,Canonical,atar,15876,Mood,Subjunctive,C,Infrequent
HSP27,78,Female,Heritage,Sequential,25,0,3,0,40,5,43,18,17,A,7,16,1,esperar,1409514,,,1,Canonical,atar,15876,Mood,Subjunctive,B,Frequent
HSP27,78,Female,Heritage,Sequential,25,0,3,0,40,5,43,18,17,A,17,18,0,conseguir,129144,,,0,Canonical,robar,28182,Mood,Subjunctive,D,Infrequent
HSP27,78,Female,Heritage,Sequential,25,0,3,0,40,5,43,18,17,A,18,23,1,sugerir,88224,,,0,Canonical,atar,15876,Mood,Subjunctive,D,Infrequent
HSP27,78,Female,Heritage,Sequential,25,0,3,0,40,5,43,18,17,A,8,25,1,permitir,935997,,,0,Canonical,quedar,947469,Mood,Subjunctive,B,Frequent
HSP27,78,Female,Heritage,Sequential,25,0,3,0,40,5,43,18,17,A,13,28,1,valorar,113028,,,1,Canonical,bailar,29935,Mood,Subjunctive,C,Infrequent
HSP27,78,Female,Heritage,Sequential,25,0,3,0,40,5,43,18,17,A,3,30,1,necesitar,593469,,,1,Canonical,tratar,590952,Mood,Subjunctive,A,Frequent
HSP27,78,Female,Heritage,Sequential,25,0,3,0,40,5,43,18,17,A,17,33,1,conseguir,129144,,,0,Canonical,robar,28182,Mood,Subjunctive,D,Infrequent
HSP27,78,Female,Heritage,Sequential,25,0,3,0,40,5,43,18,17,A,7,35,1,esperar,1409514,,,1,Canonical,atar,15876,Mood,Subjunctive,B,Frequent
HSP27,78,Female,Heritage,Sequential,25,0,3,0,40,5,43,18,17,A,12,38,1,ordenar,65158,,,1,Canonical,atar,15876,Mood,Subjunctive,C,Infrequent
HSP27,78,Female,Heritage,Sequential,25,0,3,0,40,5,43,18,17,A,2,40,1,pedir,432187,,,0,Canonical,dejar,696519,Mood,Subjunctive,A,Frequent
HSP27,78,Female,Heritage,Sequential,25,0,3,0,40,5,43,18,17,A,16,43,1,desear,148807,,,1,Canonical,bailar,29935,Mood,Subjunctive,D,Infrequent
HSP27,78,Female,Heritage,Sequential,25,0,3,0,40,5,43,18,17,A,6,45,1,querer,1263949,,,0,Canonical,dejar,696519,Mood,Subjunctive,B,Frequent
HSP27,78,Female,Heritage,Sequential,25,0,3,0,40,5,43,18,17,A,11,48,1,sugerir,88224,,,0,Canonical,prestar,73724,Mood,Subjunctive,C,Infrequent
HSP27,78,Female,Heritage,Sequential,25,0,3,0,40,5,43,18,17,A,1,50,1,permitir,935997,,,0,Canonical,tomar,506707,Mood,Subjunctive,A,Frequent
HSP28,80,Female,Heritage,Simultaneous,28,0,0,0,34,3,35,16,14,B,1,1,1,permitir,935997,,,0,Canonical,tomar,506707,Mood,Subjunctive,A,Frequent
HSP28,80,Female,Heritage,Simultaneous,28,0,0,0,34,3,35,16,14,B,11,3,1,sugerir,88224,,,0,Canonical,prestar,73724,Mood,Subjunctive,C,Infrequent
HSP28,80,Female,Heritage,Simultaneous,28,0,0,0,34,3,35,16,14,B,6,6,1,querer,1263949,,,0,Canonical,dejar,696519,Mood,Subjunctive,B,Frequent
HSP28,80,Female,Heritage,Simultaneous,28,0,0,0,34,3,35,16,14,B,16,8,1,desear,148807,,,1,Canonical,bailar,29935,Mood,Subjunctive,D,Infrequent
HSP28,80,Female,Heritage,Simultaneous,28,0,0,0,34,3,35,16,14,B,2,11,1,pedir,432187,,,0,Canonical,dejar,696519,Mood,Subjunctive,A,Frequent
HSP28,80,Female,Heritage,Simultaneous,28,0,0,0,34,3,35,16,14,B,12,13,1,ordenar,65158,,,1,Canonical,atar,15876,Mood,Subjunctive,C,Infrequent
HSP28,80,Female,Heritage,Simultaneous,28,0,0,0,34,3,35,16,14,B,7,16,1,esperar,1409514,,,1,Canonical,atar,15876,Mood,Subjunctive,B,Frequent
HSP28,80,Female,Heritage,Simultaneous,28,0,0,0,34,3,35,16,14,B,17,18,1,conseguir,129144,,,0,Canonical,robar,28182,Mood,Subjunctive,D,Infrequent
HSP28,80,Female,Heritage,Simultaneous,28,0,0,0,34,3,35,16,14,B,3,21,1,necesitar,593469,,,1,Canonical,tratar,590952,Mood,Subjunctive,A,Frequent
HSP28,80,Female,Heritage,Simultaneous,28,0,0,0,34,3,35,16,14,B,13,23,1,valorar,113028,,,1,Canonical,bailar,29935,Mood,Subjunctive,C,Infrequent
HSP28,80,Female,Heritage,Simultaneous,28,0,0,0,34,3,35,16,14,B,8,26,1,permitir,935997,,,0,Canonical,quedar,947469,Mood,Subjunctive,B,Frequent
HSP28,80,Female,Heritage,Simultaneous,28,0,0,0,34,3,35,16,14,B,18,28,1,sugerir,88224,,,0,Canonical,atar,15876,Mood,Subjunctive,D,Infrequent
HSP28,80,Female,Heritage,Simultaneous,28,0,0,0,34,3,35,16,14,B,4,31,1,querer,1263949,,,0,Canonical,quedar,947469,Mood,Subjunctive,A,Frequent
HSP28,80,Female,Heritage,Simultaneous,28,0,0,0,34,3,35,16,14,B,14,33,1,conseguir,129144,,,0,Canonical,viajar,78141,Mood,Subjunctive,C,Infrequent
HSP28,80,Female,Heritage,Simultaneous,28,0,0,0,34,3,35,16,14,B,9,36,1,necesitar,593469,,,1,Canonical,enviar,766523,Mood,Subjunctive,B,Frequent
HSP28,80,Female,Heritage,Simultaneous,28,0,0,0,34,3,35,16,14,B,19,38,1,ordenar,65158,,,1,Canonical,prestar,73724,Mood,Subjunctive,D,Infrequent
HSP28,80,Female,Heritage,Simultaneous,28,0,0,0,34,3,35,16,14,B,5,41,0,esperar,1409514,,,1,Canonical,enviar,766523,Mood,Subjunctive,A,Frequent
HSP28,80,Female,Heritage,Simultaneous,28,0,0,0,34,3,35,16,14,B,15,43,1,desear,148807,,,1,Canonical,robar,28182,Mood,Subjunctive,C,Infrequent
HSP28,80,Female,Heritage,Simultaneous,28,0,0,0,34,3,35,16,14,B,10,46,1,pedir,432187,,,0,Canonical,tratar,590952,Mood,Subjunctive,B,Frequent
HSP28,80,Female,Heritage,Simultaneous,28,0,0,0,34,3,35,16,14,B,20,48,1,valorar,113028,,,1,Canonical,viajar,78141,Mood,Subjunctive,D,Infrequent
HSP29,80,Female,Heritage,Sequential,25,0,3,1,26,3,39,8,9,A,1,1,1,permitir,935997,,,0,Canonical,tomar,506707,Mood,Subjunctive,A,Frequent
HSP29,80,Female,Heritage,Sequential,25,0,3,1,26,3,39,8,9,A,11,3,1,sugerir,88224,,,0,Canonical,prestar,73724,Mood,Subjunctive,C,Infrequent
HSP29,80,Female,Heritage,Sequential,25,0,3,1,26,3,39,8,9,A,6,6,1,querer,1263949,,,0,Canonical,dejar,696519,Mood,Subjunctive,B,Frequent
HSP29,80,Female,Heritage,Sequential,25,0,3,1,26,3,39,8,9,A,16,8,1,desear,148807,,,1,Canonical,bailar,29935,Mood,Subjunctive,D,Infrequent
HSP29,80,Female,Heritage,Sequential,25,0,3,1,26,3,39,8,9,A,2,11,1,pedir,432187,,,0,Canonical,dejar,696519,Mood,Subjunctive,A,Frequent
HSP29,80,Female,Heritage,Sequential,25,0,3,1,26,3,39,8,9,A,12,13,1,ordenar,65158,,,1,Canonical,atar,15876,Mood,Subjunctive,C,Infrequent
HSP29,80,Female,Heritage,Sequential,25,0,3,1,26,3,39,8,9,A,7,16,1,esperar,1409514,,,1,Canonical,atar,15876,Mood,Subjunctive,B,Frequent
HSP29,80,Female,Heritage,Sequential,25,0,3,1,26,3,39,8,9,A,17,18,1,conseguir,129144,,,0,Canonical,robar,28182,Mood,Subjunctive,D,Infrequent
HSP29,80,Female,Heritage,Sequential,25,0,3,1,26,3,39,8,9,A,18,23,1,sugerir,88224,,,0,Canonical,atar,15876,Mood,Subjunctive,D,Infrequent
HSP29,80,Female,Heritage,Sequential,25,0,3,1,26,3,39,8,9,A,8,25,1,permitir,935997,,,0,Canonical,quedar,947469,Mood,Subjunctive,B,Frequent
HSP29,80,Female,Heritage,Sequential,25,0,3,1,26,3,39,8,9,A,13,28,1,valorar,113028,,,1,Canonical,bailar,29935,Mood,Subjunctive,C,Infrequent
HSP29,80,Female,Heritage,Sequential,25,0,3,1,26,3,39,8,9,A,3,30,1,necesitar,593469,,,1,Canonical,tratar,590952,Mood,Subjunctive,A,Frequent
HSP29,80,Female,Heritage,Sequential,25,0,3,1,26,3,39,8,9,A,17,33,1,conseguir,129144,,,0,Canonical,robar,28182,Mood,Subjunctive,D,Infrequent
HSP29,80,Female,Heritage,Sequential,25,0,3,1,26,3,39,8,9,A,7,35,1,esperar,1409514,,,1,Canonical,atar,15876,Mood,Subjunctive,B,Frequent
HSP29,80,Female,Heritage,Sequential,25,0,3,1,26,3,39,8,9,A,12,38,1,ordenar,65158,,,1,Canonical,atar,15876,Mood,Subjunctive,C,Infrequent
HSP29,80,Female,Heritage,Sequential,25,0,3,1,26,3,39,8,9,A,2,40,1,pedir,432187,,,0,Canonical,dejar,696519,Mood,Subjunctive,A,Frequent
HSP29,80,Female,Heritage,Sequential,25,0,3,1,26,3,39,8,9,A,16,43,1,desear,148807,,,1,Canonical,bailar,29935,Mood,Subjunctive,D,Infrequent
HSP29,80,Female,Heritage,Sequential,25,0,3,1,26,3,39,8,9,A,6,45,1,querer,1263949,,,0,Canonical,dejar,696519,Mood,Subjunctive,B,Frequent
HSP29,80,Female,Heritage,Sequential,25,0,3,1,26,3,39,8,9,A,11,48,1,sugerir,88224,,,0,Canonical,prestar,73724,Mood,Subjunctive,C,Infrequent
HSP29,80,Female,Heritage,Sequential,25,0,3,1,26,3,39,8,9,A,1,50,1,permitir,935997,,,0,Canonical,tomar,506707,Mood,Subjunctive,A,Frequent
HSP30,82,Female,Heritage,Simultaneous,20,0,2,0,26,1,25,14,16,B,1,1,0,permitir,935997,,,0,Canonical,tomar,506707,Mood,Subjunctive,A,Frequent
HSP30,82,Female,Heritage,Simultaneous,20,0,2,0,26,1,25,14,16,B,11,3,0,sugerir,88224,,,0,Canonical,prestar,73724,Mood,Subjunctive,C,Infrequent
HSP30,82,Female,Heritage,Simultaneous,20,0,2,0,26,1,25,14,16,B,6,6,1,querer,1263949,,,0,Canonical,dejar,696519,Mood,Subjunctive,B,Frequent
HSP30,82,Female,Heritage,Simultaneous,20,0,2,0,26,1,25,14,16,B,16,8,0,desear,148807,,,1,Canonical,bailar,29935,Mood,Subjunctive,D,Infrequent
HSP30,82,Female,Heritage,Simultaneous,20,0,2,0,26,1,25,14,16,B,2,11,1,pedir,432187,,,0,Canonical,dejar,696519,Mood,Subjunctive,A,Frequent
HSP30,82,Female,Heritage,Simultaneous,20,0,2,0,26,1,25,14,16,B,12,13,0,ordenar,65158,,,1,Canonical,atar,15876,Mood,Subjunctive,C,Infrequent
HSP30,82,Female,Heritage,Simultaneous,20,0,2,0,26,1,25,14,16,B,7,16,1,esperar,1409514,,,1,Canonical,atar,15876,Mood,Subjunctive,B,Frequent
HSP30,82,Female,Heritage,Simultaneous,20,0,2,0,26,1,25,14,16,B,17,18,0,conseguir,129144,,,0,Canonical,robar,28182,Mood,Subjunctive,D,Infrequent
HSP30,82,Female,Heritage,Simultaneous,20,0,2,0,26,1,25,14,16,B,3,21,0,necesitar,593469,,,1,Canonical,tratar,590952,Mood,Subjunctive,A,Frequent
HSP30,82,Female,Heritage,Simultaneous,20,0,2,0,26,1,25,14,16,B,13,23,0,valorar,113028,,,1,Canonical,bailar,29935,Mood,Subjunctive,C,Infrequent
HSP30,82,Female,Heritage,Simultaneous,20,0,2,0,26,1,25,14,16,B,8,26,1,permitir,935997,,,0,Canonical,quedar,947469,Mood,Subjunctive,B,Frequent
HSP30,82,Female,Heritage,Simultaneous,20,0,2,0,26,1,25,14,16,B,18,28,0,sugerir,88224,,,0,Canonical,atar,15876,Mood,Subjunctive,D,Infrequent
HSP30,82,Female,Heritage,Simultaneous,20,0,2,0,26,1,25,14,16,B,4,31,0,querer,1263949,,,0,Canonical,quedar,947469,Mood,Subjunctive,A,Frequent
HSP30,82,Female,Heritage,Simultaneous,20,0,2,0,26,1,25,14,16,B,14,33,0,conseguir,129144,,,0,Canonical,viajar,78141,Mood,Subjunctive,C,Infrequent
HSP30,82,Female,Heritage,Simultaneous,20,0,2,0,26,1,25,14,16,B,9,36,1,necesitar,593469,,,1,Canonical,enviar,766523,Mood,Subjunctive,B,Frequent
HSP30,82,Female,Heritage,Simultaneous,20,0,2,0,26,1,25,14,16,B,19,38,0,ordenar,65158,,,1,Canonical,prestar,73724,Mood,Subjunctive,D,Infrequent
HSP30,82,Female,Heritage,Simultaneous,20,0,2,0,26,1,25,14,16,B,5,41,1,esperar,1409514,,,1,Canonical,enviar,766523,Mood,Subjunctive,A,Frequent
HSP30,82,Female,Heritage,Simultaneous,20,0,2,0,26,1,25,14,16,B,15,43,0,desear,148807,,,1,Canonical,robar,28182,Mood,Subjunctive,C,Infrequent
HSP30,82,Female,Heritage,Simultaneous,20,0,2,0,26,1,25,14,16,B,10,46,1,pedir,432187,,,0,Canonical,tratar,590952,Mood,Subjunctive,B,Frequent
HSP30,82,Female,Heritage,Simultaneous,20,0,2,0,26,1,25,14,16,B,20,48,0,valorar,113028,,,1,Canonical,viajar,78141,Mood,Subjunctive,D,Infrequent
HSP31,83,Female,Heritage,Sequential,20,0,4,0,38,5,41,12,11,A,1,1,0,permitir,935997,,,0,Canonical,tomar,506707,Mood,Subjunctive,A,Frequent
HSP31,83,Female,Heritage,Sequential,20,0,4,0,38,5,41,12,11,A,11,3,0,sugerir,88224,,,0,Canonical,prestar,73724,Mood,Subjunctive,C,Infrequent
HSP31,83,Female,Heritage,Sequential,20,0,4,0,38,5,41,12,11,A,6,6,0,querer,1263949,,,0,Canonical,dejar,696519,Mood,Subjunctive,B,Frequent
HSP31,83,Female,Heritage,Sequential,20,0,4,0,38,5,41,12,11,A,16,8,0,desear,148807,,,1,Canonical,bailar,29935,Mood,Subjunctive,D,Infrequent
HSP31,83,Female,Heritage,Sequential,20,0,4,0,38,5,41,12,11,A,2,11,0,pedir,432187,,,0,Canonical,dejar,696519,Mood,Subjunctive,A,Frequent
HSP31,83,Female,Heritage,Sequential,20,0,4,0,38,5,41,12,11,A,12,13,0,ordenar,65158,,,1,Canonical,atar,15876,Mood,Subjunctive,C,Infrequent
HSP31,83,Female,Heritage,Sequential,20,0,4,0,38,5,41,12,11,A,7,16,1,esperar,1409514,,,1,Canonical,atar,15876,Mood,Subjunctive,B,Frequent
HSP31,83,Female,Heritage,Sequential,20,0,4,0,38,5,41,12,11,A,17,18,1,conseguir,129144,,,0,Canonical,robar,28182,Mood,Subjunctive,D,Infrequent
HSP31,83,Female,Heritage,Sequential,20,0,4,0,38,5,41,12,11,A,18,23,1,sugerir,88224,,,0,Canonical,atar,15876,Mood,Subjunctive,D,Infrequent
HSP31,83,Female,Heritage,Sequential,20,0,4,0,38,5,41,12,11,A,8,25,0,permitir,935997,,,0,Canonical,quedar,947469,Mood,Subjunctive,B,Frequent
HSP31,83,Female,Heritage,Sequential,20,0,4,0,38,5,41,12,11,A,13,28,1,valorar,113028,,,1,Canonical,bailar,29935,Mood,Subjunctive,C,Infrequent
HSP31,83,Female,Heritage,Sequential,20,0,4,0,38,5,41,12,11,A,3,30,0,necesitar,593469,,,1,Canonical,tratar,590952,Mood,Subjunctive,A,Frequent
HSP31,83,Female,Heritage,Sequential,20,0,4,0,38,5,41,12,11,A,17,33,0,conseguir,129144,,,0,Canonical,robar,28182,Mood,Subjunctive,D,Infrequent
HSP31,83,Female,Heritage,Sequential,20,0,4,0,38,5,41,12,11,A,7,35,0,esperar,1409514,,,1,Canonical,atar,15876,Mood,Subjunctive,B,Frequent
HSP31,83,Female,Heritage,Sequential,20,0,4,0,38,5,41,12,11,A,12,38,1,ordenar,65158,,,1,Canonical,atar,15876,Mood,Subjunctive,C,Infrequent
HSP31,83,Female,Heritage,Sequential,20,0,4,0,38,5,41,12,11,A,2,40,1,pedir,432187,,,0,Canonical,dejar,696519,Mood,Subjunctive,A,Frequent
HSP31,83,Female,Heritage,Sequential,20,0,4,0,38,5,41,12,11,A,16,43,0,desear,148807,,,1,Canonical,bailar,29935,Mood,Subjunctive,D,Infrequent
HSP31,83,Female,Heritage,Sequential,20,0,4,0,38,5,41,12,11,A,6,45,0,querer,1263949,,,0,Canonical,dejar,696519,Mood,Subjunctive,B,Frequent
HSP31,83,Female,Heritage,Sequential,20,0,4,0,38,5,41,12,11,A,11,48,1,sugerir,88224,,,0,Canonical,prestar,73724,Mood,Subjunctive,C,Infrequent
HSP31,83,Female,Heritage,Sequential,20,0,4,0,38,5,41,12,11,A,1,50,0,permitir,935997,,,0,Canonical,tomar,506707,Mood,Subjunctive,A,Frequent
HSP32,84,Male,Heritage,Sequential,25,0,3,0,31,4,43,13,13,B,1,1,1,permitir,935997,,,0,Canonical,tomar,506707,Mood,Subjunctive,A,Frequent
HSP32,84,Male,Heritage,Sequential,25,0,3,0,31,4,43,13,13,B,11,3,1,sugerir,88224,,,0,Canonical,prestar,73724,Mood,Subjunctive,C,Infrequent
HSP32,84,Male,Heritage,Sequential,25,0,3,0,31,4,43,13,13,B,6,6,1,querer,1263949,,,0,Canonical,dejar,696519,Mood,Subjunctive,B,Frequent
HSP32,84,Male,Heritage,Sequential,25,0,3,0,31,4,43,13,13,B,16,8,1,desear,148807,,,1,Canonical,bailar,29935,Mood,Subjunctive,D,Infrequent
HSP32,84,Male,Heritage,Sequential,25,0,3,0,31,4,43,13,13,B,2,11,1,pedir,432187,,,0,Canonical,dejar,696519,Mood,Subjunctive,A,Frequent
HSP32,84,Male,Heritage,Sequential,25,0,3,0,31,4,43,13,13,B,12,13,1,ordenar,65158,,,1,Canonical,atar,15876,Mood,Subjunctive,C,Infrequent
HSP32,84,Male,Heritage,Sequential,25,0,3,0,31,4,43,13,13,B,7,16,0,esperar,1409514,,,1,Canonical,atar,15876,Mood,Subjunctive,B,Frequent
HSP32,84,Male,Heritage,Sequential,25,0,3,0,31,4,43,13,13,B,17,18,0,conseguir,129144,,,0,Canonical,robar,28182,Mood,Subjunctive,D,Infrequent
HSP32,84,Male,Heritage,Sequential,25,0,3,0,31,4,43,13,13,B,3,21,1,necesitar,593469,,,1,Canonical,tratar,590952,Mood,Subjunctive,A,Frequent
HSP32,84,Male,Heritage,Sequential,25,0,3,0,31,4,43,13,13,B,13,23,1,valorar,113028,,,1,Canonical,bailar,29935,Mood,Subjunctive,C,Infrequent
HSP32,84,Male,Heritage,Sequential,25,0,3,0,31,4,43,13,13,B,8,26,0,permitir,935997,,,0,Canonical,quedar,947469,Mood,Subjunctive,B,Frequent
HSP32,84,Male,Heritage,Sequential,25,0,3,0,31,4,43,13,13,B,18,28,1,sugerir,88224,,,0,Canonical,atar,15876,Mood,Subjunctive,D,Infrequent
HSP32,84,Male,Heritage,Sequential,25,0,3,0,31,4,43,13,13,B,4,31,0,querer,1263949,,,0,Canonical,quedar,947469,Mood,Subjunctive,A,Frequent
HSP32,84,Male,Heritage,Sequential,25,0,3,0,31,4,43,13,13,B,14,33,1,conseguir,129144,,,0,Canonical,viajar,78141,Mood,Subjunctive,C,Infrequent
HSP32,84,Male,Heritage,Sequential,25,0,3,0,31,4,43,13,13,B,9,36,0,necesitar,593469,,,1,Canonical,enviar,766523,Mood,Subjunctive,B,Frequent
HSP32,84,Male,Heritage,Sequential,25,0,3,0,31,4,43,13,13,B,19,38,0,ordenar,65158,,,1,Canonical,prestar,73724,Mood,Subjunctive,D,Infrequent
HSP32,84,Male,Heritage,Sequential,25,0,3,0,31,4,43,13,13,B,5,41,1,esperar,1409514,,,1,Canonical,enviar,766523,Mood,Subjunctive,A,Frequent
HSP32,84,Male,Heritage,Sequential,25,0,3,0,31,4,43,13,13,B,15,43,1,desear,148807,,,1,Canonical,robar,28182,Mood,Subjunctive,C,Infrequent
HSP32,84,Male,Heritage,Sequential,25,0,3,0,31,4,43,13,13,B,10,46,1,pedir,432187,,,0,Canonical,tratar,590952,Mood,Subjunctive,B,Frequent
HSP32,84,Male,Heritage,Sequential,25,0,3,0,31,4,43,13,13,B,20,48,0,valorar,113028,,,1,Canonical,viajar,78141,Mood,Subjunctive,D,Infrequent
HSP33,86,Male,Heritage,Simultaneous,26,0,0,0,29,5,43,15,15,A,1,1,1,permitir,935997,,,0,Canonical,tomar,506707,Mood,Subjunctive,A,Frequent
HSP33,86,Male,Heritage,Simultaneous,26,0,0,0,29,5,43,15,15,A,11,3,1,sugerir,88224,,,0,Canonical,prestar,73724,Mood,Subjunctive,C,Infrequent
HSP33,86,Male,Heritage,Simultaneous,26,0,0,0,29,5,43,15,15,A,6,6,1,querer,1263949,,,0,Canonical,dejar,696519,Mood,Subjunctive,B,Frequent
HSP33,86,Male,Heritage,Simultaneous,26,0,0,0,29,5,43,15,15,A,16,8,1,desear,148807,,,1,Canonical,bailar,29935,Mood,Subjunctive,D,Infrequent
HSP33,86,Male,Heritage,Simultaneous,26,0,0,0,29,5,43,15,15,A,2,11,1,pedir,432187,,,0,Canonical,dejar,696519,Mood,Subjunctive,A,Frequent
HSP33,86,Male,Heritage,Simultaneous,26,0,0,0,29,5,43,15,15,A,12,13,1,ordenar,65158,,,1,Canonical,atar,15876,Mood,Subjunctive,C,Infrequent
HSP33,86,Male,Heritage,Simultaneous,26,0,0,0,29,5,43,15,15,A,7,16,0,esperar,1409514,,,1,Canonical,atar,15876,Mood,Subjunctive,B,Frequent
HSP33,86,Male,Heritage,Simultaneous,26,0,0,0,29,5,43,15,15,A,17,18,0,conseguir,129144,,,0,Canonical,robar,28182,Mood,Subjunctive,D,Infrequent
HSP33,86,Male,Heritage,Simultaneous,26,0,0,0,29,5,43,15,15,A,18,23,1,sugerir,88224,,,0,Canonical,atar,15876,Mood,Subjunctive,D,Infrequent
HSP33,86,Male,Heritage,Simultaneous,26,0,0,0,29,5,43,15,15,A,8,25,1,permitir,935997,,,0,Canonical,quedar,947469,Mood,Subjunctive,B,Frequent
HSP33,86,Male,Heritage,Simultaneous,26,0,0,0,29,5,43,15,15,A,13,28,0,valorar,113028,,,1,Canonical,bailar,29935,Mood,Subjunctive,C,Infrequent
HSP33,86,Male,Heritage,Simultaneous,26,0,0,0,29,5,43,15,15,A,3,30,1,necesitar,593469,,,1,Canonical,tratar,590952,Mood,Subjunctive,A,Frequent
HSP33,86,Male,Heritage,Simultaneous,26,0,0,0,29,5,43,15,15,A,17,33,1,conseguir,129144,,,0,Canonical,robar,28182,Mood,Subjunctive,D,Infrequent
HSP33,86,Male,Heritage,Simultaneous,26,0,0,0,29,5,43,15,15,A,7,35,1,esperar,1409514,,,1,Canonical,atar,15876,Mood,Subjunctive,B,Frequent
HSP33,86,Male,Heritage,Simultaneous,26,0,0,0,29,5,43,15,15,A,12,38,1,ordenar,65158,,,1,Canonical,atar,15876,Mood,Subjunctive,C,Infrequent
HSP33,86,Male,Heritage,Simultaneous,26,0,0,0,29,5,43,15,15,A,2,40,1,pedir,432187,,,0,Canonical,dejar,696519,Mood,Subjunctive,A,Frequent
HSP33,86,Male,Heritage,Simultaneous,26,0,0,0,29,5,43,15,15,A,16,43,1,desear,148807,,,1,Canonical,bailar,29935,Mood,Subjunctive,D,Infrequent
HSP33,86,Male,Heritage,Simultaneous,26,0,0,0,29,5,43,15,15,A,6,45,1,querer,1263949,,,0,Canonical,dejar,696519,Mood,Subjunctive,B,Frequent
HSP33,86,Male,Heritage,Simultaneous,26,0,0,0,29,5,43,15,15,A,11,48,1,sugerir,88224,,,0,Canonical,prestar,73724,Mood,Subjunctive,C,Infrequent
HSP33,86,Male,Heritage,Simultaneous,26,0,0,0,29,5,43,15,15,A,1,50,0,permitir,935997,,,0,Canonical,tomar,506707,Mood,Subjunctive,A,Frequent
HSP34,87,Male,Heritage,Sequential,22,0,8,8,33,3,42,7,7,B,1,1,1,permitir,935997,,,0,Canonical,tomar,506707,Mood,Subjunctive,A,Frequent
HSP34,87,Male,Heritage,Sequential,22,0,8,8,33,3,42,7,7,B,11,3,1,sugerir,88224,,,0,Canonical,prestar,73724,Mood,Subjunctive,C,Infrequent
HSP34,87,Male,Heritage,Sequential,22,0,8,8,33,3,42,7,7,B,6,6,1,querer,1263949,,,0,Canonical,dejar,696519,Mood,Subjunctive,B,Frequent
HSP34,87,Male,Heritage,Sequential,22,0,8,8,33,3,42,7,7,B,16,8,1,desear,148807,,,1,Canonical,bailar,29935,Mood,Subjunctive,D,Infrequent
HSP34,87,Male,Heritage,Sequential,22,0,8,8,33,3,42,7,7,B,2,11,1,pedir,432187,,,0,Canonical,dejar,696519,Mood,Subjunctive,A,Frequent
HSP34,87,Male,Heritage,Sequential,22,0,8,8,33,3,42,7,7,B,12,13,1,ordenar,65158,,,1,Canonical,atar,15876,Mood,Subjunctive,C,Infrequent
HSP34,87,Male,Heritage,Sequential,22,0,8,8,33,3,42,7,7,B,7,16,1,esperar,1409514,,,1,Canonical,atar,15876,Mood,Subjunctive,B,Frequent
HSP34,87,Male,Heritage,Sequential,22,0,8,8,33,3,42,7,7,B,17,18,1,conseguir,129144,,,0,Canonical,robar,28182,Mood,Subjunctive,D,Infrequent
HSP34,87,Male,Heritage,Sequential,22,0,8,8,33,3,42,7,7,B,3,21,1,necesitar,593469,,,1,Canonical,tratar,590952,Mood,Subjunctive,A,Frequent
HSP34,87,Male,Heritage,Sequential,22,0,8,8,33,3,42,7,7,B,13,23,1,valorar,113028,,,1,Canonical,bailar,29935,Mood,Subjunctive,C,Infrequent
HSP34,87,Male,Heritage,Sequential,22,0,8,8,33,3,42,7,7,B,8,26,1,permitir,935997,,,0,Canonical,quedar,947469,Mood,Subjunctive,B,Frequent
HSP34,87,Male,Heritage,Sequential,22,0,8,8,33,3,42,7,7,B,18,28,1,sugerir,88224,,,0,Canonical,atar,15876,Mood,Subjunctive,D,Infrequent
HSP34,87,Male,Heritage,Sequential,22,0,8,8,33,3,42,7,7,B,4,31,1,querer,1263949,,,0,Canonical,quedar,947469,Mood,Subjunctive,A,Frequent
HSP34,87,Male,Heritage,Sequential,22,0,8,8,33,3,42,7,7,B,14,33,1,conseguir,129144,,,0,Canonical,viajar,78141,Mood,Subjunctive,C,Infrequent
HSP34,87,Male,Heritage,Sequential,22,0,8,8,33,3,42,7,7,B,9,36,1,necesitar,593469,,,1,Canonical,enviar,766523,Mood,Subjunctive,B,Frequent
HSP34,87,Male,Heritage,Sequential,22,0,8,8,33,3,42,7,7,B,19,38,1,ordenar,65158,,,1,Canonical,prestar,73724,Mood,Subjunctive,D,Infrequent
HSP34,87,Male,Heritage,Sequential,22,0,8,8,33,3,42,7,7,B,5,41,1,esperar,1409514,,,1,Canonical,enviar,766523,Mood,Subjunctive,A,Frequent
HSP34,87,Male,Heritage,Sequential,22,0,8,8,33,3,42,7,7,B,15,43,1,desear,148807,,,1,Canonical,robar,28182,Mood,Subjunctive,C,Infrequent
HSP34,87,Male,Heritage,Sequential,22,0,8,8,33,3,42,7,7,B,10,46,1,pedir,432187,,,0,Canonical,tratar,590952,Mood,Subjunctive,B,Frequent
HSP34,87,Male,Heritage,Sequential,22,0,8,8,33,3,42,7,7,B,20,48,1,valorar,113028,,,1,Canonical,viajar,78141,Mood,Subjunctive,D,Infrequent
HSP35,88,Female,Heritage,Simultaneous,25,0,0,2.5,36,4,37,17,17,A,1,1,1,permitir,935997,,,0,Canonical,tomar,506707,Mood,Subjunctive,A,Frequent
HSP35,88,Female,Heritage,Simultaneous,25,0,0,2.5,36,4,37,17,17,A,11,3,1,sugerir,88224,,,0,Canonical,prestar,73724,Mood,Subjunctive,C,Infrequent
HSP35,88,Female,Heritage,Simultaneous,25,0,0,2.5,36,4,37,17,17,A,6,6,1,querer,1263949,,,0,Canonical,dejar,696519,Mood,Subjunctive,B,Frequent
HSP35,88,Female,Heritage,Simultaneous,25,0,0,2.5,36,4,37,17,17,A,16,8,1,desear,148807,,,1,Canonical,bailar,29935,Mood,Subjunctive,D,Infrequent
HSP35,88,Female,Heritage,Simultaneous,25,0,0,2.5,36,4,37,17,17,A,2,11,1,pedir,432187,,,0,Canonical,dejar,696519,Mood,Subjunctive,A,Frequent
HSP35,88,Female,Heritage,Simultaneous,25,0,0,2.5,36,4,37,17,17,A,12,13,1,ordenar,65158,,,1,Canonical,atar,15876,Mood,Subjunctive,C,Infrequent
HSP35,88,Female,Heritage,Simultaneous,25,0,0,2.5,36,4,37,17,17,A,7,16,1,esperar,1409514,,,1,Canonical,atar,15876,Mood,Subjunctive,B,Frequent
HSP35,88,Female,Heritage,Simultaneous,25,0,0,2.5,36,4,37,17,17,A,17,18,1,conseguir,129144,,,0,Canonical,robar,28182,Mood,Subjunctive,D,Infrequent
HSP35,88,Female,Heritage,Simultaneous,25,0,0,2.5,36,4,37,17,17,A,18,23,0,sugerir,88224,,,0,Canonical,atar,15876,Mood,Subjunctive,D,Infrequent
HSP35,88,Female,Heritage,Simultaneous,25,0,0,2.5,36,4,37,17,17,A,8,25,1,permitir,935997,,,0,Canonical,quedar,947469,Mood,Subjunctive,B,Frequent
HSP35,88,Female,Heritage,Simultaneous,25,0,0,2.5,36,4,37,17,17,A,13,28,0,valorar,113028,,,1,Canonical,bailar,29935,Mood,Subjunctive,C,Infrequent
HSP35,88,Female,Heritage,Simultaneous,25,0,0,2.5,36,4,37,17,17,A,3,30,1,necesitar,593469,,,1,Canonical,tratar,590952,Mood,Subjunctive,A,Frequent
HSP35,88,Female,Heritage,Simultaneous,25,0,0,2.5,36,4,37,17,17,A,17,33,1,conseguir,129144,,,0,Canonical,robar,28182,Mood,Subjunctive,D,Infrequent
HSP35,88,Female,Heritage,Simultaneous,25,0,0,2.5,36,4,37,17,17,A,7,35,0,esperar,1409514,,,1,Canonical,atar,15876,Mood,Subjunctive,B,Frequent
HSP35,88,Female,Heritage,Simultaneous,25,0,0,2.5,36,4,37,17,17,A,12,38,1,ordenar,65158,,,1,Canonical,atar,15876,Mood,Subjunctive,C,Infrequent
HSP35,88,Female,Heritage,Simultaneous,25,0,0,2.5,36,4,37,17,17,A,2,40,0,pedir,432187,,,0,Canonical,dejar,696519,Mood,Subjunctive,A,Frequent
HSP35,88,Female,Heritage,Simultaneous,25,0,0,2.5,36,4,37,17,17,A,16,43,1,desear,148807,,,1,Canonical,bailar,29935,Mood,Subjunctive,D,Infrequent
HSP35,88,Female,Heritage,Simultaneous,25,0,0,2.5,36,4,37,17,17,A,6,45,1,querer,1263949,,,0,Canonical,dejar,696519,Mood,Subjunctive,B,Frequent
HSP35,88,Female,Heritage,Simultaneous,25,0,0,2.5,36,4,37,17,17,A,11,48,1,sugerir,88224,,,0,Canonical,prestar,73724,Mood,Subjunctive,C,Infrequent
HSP35,88,Female,Heritage,Simultaneous,25,0,0,2.5,36,4,37,17,17,A,1,50,1,permitir,935997,,,0,Canonical,tomar,506707,Mood,Subjunctive,A,Frequent
HSP41,91,Male,Heritage,Simultaneous,18,0,0,0,29,3,39,6,7,B,1,1,0,permitir,935997,,,0,Canonical,tomar,506707,Mood,Subjunctive,A,Frequent
HSP41,91,Male,Heritage,Simultaneous,18,0,0,0,29,3,39,6,7,B,11,3,1,sugerir,88224,,,0,Canonical,prestar,73724,Mood,Subjunctive,C,Infrequent
HSP41,91,Male,Heritage,Simultaneous,18,0,0,0,29,3,39,6,7,B,6,6,1,querer,1263949,,,0,Canonical,dejar,696519,Mood,Subjunctive,B,Frequent
HSP41,91,Male,Heritage,Simultaneous,18,0,0,0,29,3,39,6,7,B,16,8,1,desear,148807,,,1,Canonical,bailar,29935,Mood,Subjunctive,D,Infrequent
HSP41,91,Male,Heritage,Simultaneous,18,0,0,0,29,3,39,6,7,B,2,11,1,pedir,432187,,,0,Canonical,dejar,696519,Mood,Subjunctive,A,Frequent
HSP41,91,Male,Heritage,Simultaneous,18,0,0,0,29,3,39,6,7,B,12,13,1,ordenar,65158,,,1,Canonical,atar,15876,Mood,Subjunctive,C,Infrequent
HSP41,91,Male,Heritage,Simultaneous,18,0,0,0,29,3,39,6,7,B,7,16,1,esperar,1409514,,,1,Canonical,atar,15876,Mood,Subjunctive,B,Frequent
HSP41,91,Male,Heritage,Simultaneous,18,0,0,0,29,3,39,6,7,B,17,18,0,conseguir,129144,,,0,Canonical,robar,28182,Mood,Subjunctive,D,Infrequent
HSP41,91,Male,Heritage,Simultaneous,18,0,0,0,29,3,39,6,7,B,3,21,0,necesitar,593469,,,1,Canonical,tratar,590952,Mood,Subjunctive,A,Frequent
HSP41,91,Male,Heritage,Simultaneous,18,0,0,0,29,3,39,6,7,B,13,23,0,valorar,113028,,,1,Canonical,bailar,29935,Mood,Subjunctive,C,Infrequent
HSP41,91,Male,Heritage,Simultaneous,18,0,0,0,29,3,39,6,7,B,8,26,0,permitir,935997,,,0,Canonical,quedar,947469,Mood,Subjunctive,B,Frequent
HSP41,91,Male,Heritage,Simultaneous,18,0,0,0,29,3,39,6,7,B,18,28,1,sugerir,88224,,,0,Canonical,atar,15876,Mood,Subjunctive,D,Infrequent
HSP41,91,Male,Heritage,Simultaneous,18,0,0,0,29,3,39,6,7,B,4,31,0,querer,1263949,,,0,Canonical,quedar,947469,Mood,Subjunctive,A,Frequent
HSP41,91,Male,Heritage,Simultaneous,18,0,0,0,29,3,39,6,7,B,14,33,1,conseguir,129144,,,0,Canonical,viajar,78141,Mood,Subjunctive,C,Infrequent
HSP41,91,Male,Heritage,Simultaneous,18,0,0,0,29,3,39,6,7,B,9,36,0,necesitar,593469,,,1,Canonical,enviar,766523,Mood,Subjunctive,B,Frequent
HSP41,91,Male,Heritage,Simultaneous,18,0,0,0,29,3,39,6,7,B,19,38,1,ordenar,65158,,,1,Canonical,prestar,73724,Mood,Subjunctive,D,Infrequent
HSP41,91,Male,Heritage,Simultaneous,18,0,0,0,29,3,39,6,7,B,5,41,1,esperar,1409514,,,1,Canonical,enviar,766523,Mood,Subjunctive,A,Frequent
HSP41,91,Male,Heritage,Simultaneous,18,0,0,0,29,3,39,6,7,B,15,43,1,desear,148807,,,1,Canonical,robar,28182,Mood,Subjunctive,C,Infrequent
HSP41,91,Male,Heritage,Simultaneous,18,0,0,0,29,3,39,6,7,B,10,46,1,pedir,432187,,,0,Canonical,tratar,590952,Mood,Subjunctive,B,Frequent
HSP41,91,Male,Heritage,Simultaneous,18,0,0,0,29,3,39,6,7,B,20,48,1,valorar,113028,,,1,Canonical,viajar,78141,Mood,Subjunctive,D,Infrequent
HSP42,92,Male,Heritage,Sequential,26,0,3,0,29,3,29,13,13,B,1,1,1,permitir,935997,,,0,Canonical,tomar,506707,Mood,Subjunctive,A,Frequent
HSP42,92,Male,Heritage,Sequential,26,0,3,0,29,3,29,13,13,B,11,3,1,sugerir,88224,,,0,Canonical,prestar,73724,Mood,Subjunctive,C,Infrequent
HSP42,92,Male,Heritage,Sequential,26,0,3,0,29,3,29,13,13,B,6,6,1,querer,1263949,,,0,Canonical,dejar,696519,Mood,Subjunctive,B,Frequent
HSP42,92,Male,Heritage,Sequential,26,0,3,0,29,3,29,13,13,B,16,8,1,desear,148807,,,1,Canonical,bailar,29935,Mood,Subjunctive,D,Infrequent
HSP42,92,Male,Heritage,Sequential,26,0,3,0,29,3,29,13,13,B,2,11,0,pedir,432187,,,0,Canonical,dejar,696519,Mood,Subjunctive,A,Frequent
HSP42,92,Male,Heritage,Sequential,26,0,3,0,29,3,29,13,13,B,12,13,1,ordenar,65158,,,1,Canonical,atar,15876,Mood,Subjunctive,C,Infrequent
HSP42,92,Male,Heritage,Sequential,26,0,3,0,29,3,29,13,13,B,7,16,0,esperar,1409514,,,1,Canonical,atar,15876,Mood,Subjunctive,B,Frequent
HSP42,92,Male,Heritage,Sequential,26,0,3,0,29,3,29,13,13,B,17,18,1,conseguir,129144,,,0,Canonical,robar,28182,Mood,Subjunctive,D,Infrequent
HSP42,92,Male,Heritage,Sequential,26,0,3,0,29,3,29,13,13,B,3,21,1,necesitar,593469,,,1,Canonical,tratar,590952,Mood,Subjunctive,A,Frequent
HSP42,92,Male,Heritage,Sequential,26,0,3,0,29,3,29,13,13,B,13,23,0,valorar,113028,,,1,Canonical,bailar,29935,Mood,Subjunctive,C,Infrequent
HSP42,92,Male,Heritage,Sequential,26,0,3,0,29,3,29,13,13,B,8,26,0,permitir,935997,,,0,Canonical,quedar,947469,Mood,Subjunctive,B,Frequent
HSP42,92,Male,Heritage,Sequential,26,0,3,0,29,3,29,13,13,B,18,28,0,sugerir,88224,,,0,Canonical,atar,15876,Mood,Subjunctive,D,Infrequent
HSP42,92,Male,Heritage,Sequential,26,0,3,0,29,3,29,13,13,B,4,31,0,querer,1263949,,,0,Canonical,quedar,947469,Mood,Subjunctive,A,Frequent
HSP42,92,Male,Heritage,Sequential,26,0,3,0,29,3,29,13,13,B,14,33,1,conseguir,129144,,,0,Canonical,viajar,78141,Mood,Subjunctive,C,Infrequent
HSP42,92,Male,Heritage,Sequential,26,0,3,0,29,3,29,13,13,B,9,36,0,necesitar,593469,,,1,Canonical,enviar,766523,Mood,Subjunctive,B,Frequent
HSP42,92,Male,Heritage,Sequential,26,0,3,0,29,3,29,13,13,B,19,38,0,ordenar,65158,,,1,Canonical,prestar,73724,Mood,Subjunctive,D,Infrequent
HSP42,92,Male,Heritage,Sequential,26,0,3,0,29,3,29,13,13,B,5,41,0,esperar,1409514,,,1,Canonical,enviar,766523,Mood,Subjunctive,A,Frequent
HSP42,92,Male,Heritage,Sequential,26,0,3,0,29,3,29,13,13,B,15,43,0,desear,148807,,,1,Canonical,robar,28182,Mood,Subjunctive,C,Infrequent
HSP42,92,Male,Heritage,Sequential,26,0,3,0,29,3,29,13,13,B,10,46,0,pedir,432187,,,0,Canonical,tratar,590952,Mood,Subjunctive,B,Frequent
HSP42,92,Male,Heritage,Sequential,26,0,3,0,29,3,29,13,13,B,20,48,1,valorar,113028,,,1,Canonical,viajar,78141,Mood,Subjunctive,D,Infrequent
HSP45,97,Female,Heritage,,20,0,4,0,38,4,44,14,14,B,1,1,1,permitir,935997,,,0,Canonical,tomar,506707,Mood,Subjunctive,A,Frequent
HSP45,97,Female,Heritage,,20,0,4,0,38,4,44,14,14,B,11,3,1,sugerir,88224,,,0,Canonical,prestar,73724,Mood,Subjunctive,C,Infrequent
HSP45,97,Female,Heritage,,20,0,4,0,38,4,44,14,14,B,6,6,1,querer,1263949,,,0,Canonical,dejar,696519,Mood,Subjunctive,B,Frequent
HSP45,97,Female,Heritage,,20,0,4,0,38,4,44,14,14,B,16,8,1,desear,148807,,,1,Canonical,bailar,29935,Mood,Subjunctive,D,Infrequent
HSP45,97,Female,Heritage,,20,0,4,0,38,4,44,14,14,B,2,11,1,pedir,432187,,,0,Canonical,dejar,696519,Mood,Subjunctive,A,Frequent
HSP45,97,Female,Heritage,,20,0,4,0,38,4,44,14,14,B,12,13,1,ordenar,65158,,,1,Canonical,atar,15876,Mood,Subjunctive,C,Infrequent
HSP45,97,Female,Heritage,,20,0,4,0,38,4,44,14,14,B,7,16,1,esperar,1409514,,,1,Canonical,atar,15876,Mood,Subjunctive,B,Frequent
HSP45,97,Female,Heritage,,20,0,4,0,38,4,44,14,14,B,17,18,1,conseguir,129144,,,0,Canonical,robar,28182,Mood,Subjunctive,D,Infrequent
HSP45,97,Female,Heritage,,20,0,4,0,38,4,44,14,14,B,3,21,1,necesitar,593469,,,1,Canonical,tratar,590952,Mood,Subjunctive,A,Frequent
HSP45,97,Female,Heritage,,20,0,4,0,38,4,44,14,14,B,13,23,1,valorar,113028,,,1,Canonical,bailar,29935,Mood,Subjunctive,C,Infrequent
HSP45,97,Female,Heritage,,20,0,4,0,38,4,44,14,14,B,8,26,1,permitir,935997,,,0,Canonical,quedar,947469,Mood,Subjunctive,B,Frequent
HSP45,97,Female,Heritage,,20,0,4,0,38,4,44,14,14,B,18,28,1,sugerir,88224,,,0,Canonical,atar,15876,Mood,Subjunctive,D,Infrequent
HSP45,97,Female,Heritage,,20,0,4,0,38,4,44,14,14,B,4,31,1,querer,1263949,,,0,Canonical,quedar,947469,Mood,Subjunctive,A,Frequent
HSP45,97,Female,Heritage,,20,0,4,0,38,4,44,14,14,B,14,33,1,conseguir,129144,,,0,Canonical,viajar,78141,Mood,Subjunctive,C,Infrequent
HSP45,97,Female,Heritage,,20,0,4,0,38,4,44,14,14,B,9,36,1,necesitar,593469,,,1,Canonical,enviar,766523,Mood,Subjunctive,B,Frequent
HSP45,97,Female,Heritage,,20,0,4,0,38,4,44,14,14,B,19,38,1,ordenar,65158,,,1,Canonical,prestar,73724,Mood,Subjunctive,D,Infrequent
HSP45,97,Female,Heritage,,20,0,4,0,38,4,44,14,14,B,5,41,1,esperar,1409514,,,1,Canonical,enviar,766523,Mood,Subjunctive,A,Frequent
HSP45,97,Female,Heritage,,20,0,4,0,38,4,44,14,14,B,15,43,1,desear,148807,,,1,Canonical,robar,28182,Mood,Subjunctive,C,Infrequent
HSP45,97,Female,Heritage,,20,0,4,0,38,4,44,14,14,B,10,46,1,pedir,432187,,,0,Canonical,tratar,590952,Mood,Subjunctive,B,Frequent
HSP45,97,Female,Heritage,,20,0,4,0,38,4,44,14,14,B,20,48,1,valorar,113028,,,1,Canonical,viajar,78141,Mood,Subjunctive,D,Infrequent
HSP46,99,Male,Heritage,,23,0,3,0,29,8,35,15,15,A,20,3,1,valorar,113028,,,1,Canonical,viajar,78141,Mood,Subjunctive,D,Infrequent
HSP46,99,Male,Heritage,,23,0,3,0,29,8,35,15,15,A,10,5,1,pedir,432187,,,0,Canonical,tratar,590952,Mood,Subjunctive,B,Frequent
HSP46,99,Male,Heritage,,23,0,3,0,29,8,35,15,15,A,15,8,1,desear,148807,,,1,Canonical,robar,28182,Mood,Subjunctive,C,Infrequent
HSP46,99,Male,Heritage,,23,0,3,0,29,8,35,15,15,A,5,10,1,esperar,1409514,,,1,Canonical,enviar,766523,Mood,Subjunctive,A,Frequent
HSP46,99,Male,Heritage,,23,0,3,0,29,8,35,15,15,A,19,13,1,ordenar,65158,,,1,Canonical,prestar,73724,Mood,Subjunctive,D,Infrequent
HSP46,99,Male,Heritage,,23,0,3,0,29,8,35,15,15,A,9,15,1,necesitar,593469,,,1,Canonical,enviar,766523,Mood,Subjunctive,B,Frequent
HSP46,99,Male,Heritage,,23,0,3,0,29,8,35,15,15,A,14,18,1,conseguir,129144,,,0,Canonical,viajar,78141,Mood,Subjunctive,C,Infrequent
HSP46,99,Male,Heritage,,23,0,3,0,29,8,35,15,15,A,4,20,1,querer,1263949,,,0,Canonical,quedar,947469,Mood,Subjunctive,A,Frequent
HSP46,99,Male,Heritage,,23,0,3,0,29,8,35,15,15,A,18,23,1,sugerir,88224,,,0,Canonical,atar,15876,Mood,Subjunctive,D,Infrequent
HSP46,99,Male,Heritage,,23,0,3,0,29,8,35,15,15,A,8,25,1,permitir,935997,,,0,Canonical,quedar,947469,Mood,Subjunctive,B,Frequent
HSP46,99,Male,Heritage,,23,0,3,0,29,8,35,15,15,A,13,28,1,valorar,113028,,,1,Canonical,bailar,29935,Mood,Subjunctive,C,Infrequent
HSP46,99,Male,Heritage,,23,0,3,0,29,8,35,15,15,A,3,30,1,necesitar,593469,,,1,Canonical,tratar,590952,Mood,Subjunctive,A,Frequent
HSP46,99,Male,Heritage,,23,0,3,0,29,8,35,15,15,A,17,33,1,conseguir,129144,,,0,Canonical,robar,28182,Mood,Subjunctive,D,Infrequent
HSP46,99,Male,Heritage,,23,0,3,0,29,8,35,15,15,A,7,35,1,esperar,1409514,,,1,Canonical,atar,15876,Mood,Subjunctive,B,Frequent
HSP46,99,Male,Heritage,,23,0,3,0,29,8,35,15,15,A,12,38,1,ordenar,65158,,,1,Canonical,atar,15876,Mood,Subjunctive,C,Infrequent
HSP46,99,Male,Heritage,,23,0,3,0,29,8,35,15,15,A,2,40,1,pedir,432187,,,0,Canonical,dejar,696519,Mood,Subjunctive,A,Frequent
HSP46,99,Male,Heritage,,23,0,3,0,29,8,35,15,15,A,16,43,1,desear,148807,,,1,Canonical,bailar,29935,Mood,Subjunctive,D,Infrequent
HSP46,99,Male,Heritage,,23,0,3,0,29,8,35,15,15,A,6,45,1,querer,1263949,,,0,Canonical,dejar,696519,Mood,Subjunctive,B,Frequent
HSP46,99,Male,Heritage,,23,0,3,0,29,8,35,15,15,A,11,48,1,sugerir,88224,,,0,Canonical,prestar,73724,Mood,Subjunctive,C,Infrequent
HSP46,99,Male,Heritage,,23,0,3,0,29,8,35,15,15,A,1,50,1,permitir,935997,,,0,Canonical,tomar,506707,Mood,Subjunctive,A,Frequent
HSP47,100,Male,Heritage,,20,0,0,0,30,3,30,14,11,B,1,1,0,permitir,935997,,,0,Canonical,tomar,506707,Mood,Subjunctive,A,Frequent
HSP47,100,Male,Heritage,,20,0,0,0,30,3,30,14,11,B,11,3,0,sugerir,88224,,,0,Canonical,prestar,73724,Mood,Subjunctive,C,Infrequent
HSP47,100,Male,Heritage,,20,0,0,0,30,3,30,14,11,B,6,6,1,querer,1263949,,,0,Canonical,dejar,696519,Mood,Subjunctive,B,Frequent
HSP47,100,Male,Heritage,,20,0,0,0,30,3,30,14,11,B,16,8,1,desear,148807,,,1,Canonical,bailar,29935,Mood,Subjunctive,D,Infrequent
HSP47,100,Male,Heritage,,20,0,0,0,30,3,30,14,11,B,2,11,1,pedir,432187,,,0,Canonical,dejar,696519,Mood,Subjunctive,A,Frequent
HSP47,100,Male,Heritage,,20,0,0,0,30,3,30,14,11,B,12,13,0,ordenar,65158,,,1,Canonical,atar,15876,Mood,Subjunctive,C,Infrequent
HSP47,100,Male,Heritage,,20,0,0,0,30,3,30,14,11,B,7,16,1,esperar,1409514,,,1,Canonical,atar,15876,Mood,Subjunctive,B,Frequent
HSP47,100,Male,Heritage,,20,0,0,0,30,3,30,14,11,B,17,18,0,conseguir,129144,,,0,Canonical,robar,28182,Mood,Subjunctive,D,Infrequent
HSP47,100,Male,Heritage,,20,0,0,0,30,3,30,14,11,B,3,21,0,necesitar,593469,,,1,Canonical,tratar,590952,Mood,Subjunctive,A,Frequent
HSP47,100,Male,Heritage,,20,0,0,0,30,3,30,14,11,B,13,23,0,valorar,113028,,,1,Canonical,bailar,29935,Mood,Subjunctive,C,Infrequent
HSP47,100,Male,Heritage,,20,0,0,0,30,3,30,14,11,B,8,26,0,permitir,935997,,,0,Canonical,quedar,947469,Mood,Subjunctive,B,Frequent
HSP47,100,Male,Heritage,,20,0,0,0,30,3,30,14,11,B,18,28,1,sugerir,88224,,,0,Canonical,atar,15876,Mood,Subjunctive,D,Infrequent
HSP47,100,Male,Heritage,,20,0,0,0,30,3,30,14,11,B,4,31,0,querer,1263949,,,0,Canonical,quedar,947469,Mood,Subjunctive,A,Frequent
HSP47,100,Male,Heritage,,20,0,0,0,30,3,30,14,11,B,14,33,1,conseguir,129144,,,0,Canonical,viajar,78141,Mood,Subjunctive,C,Infrequent
HSP47,100,Male,Heritage,,20,0,0,0,30,3,30,14,11,B,9,36,1,necesitar,593469,,,1,Canonical,enviar,766523,Mood,Subjunctive,B,Frequent
HSP47,100,Male,Heritage,,20,0,0,0,30,3,30,14,11,B,19,38,1,ordenar,65158,,,1,Canonical,prestar,73724,Mood,Subjunctive,D,Infrequent
HSP47,100,Male,Heritage,,20,0,0,0,30,3,30,14,11,B,5,41,1,esperar,1409514,,,1,Canonical,enviar,766523,Mood,Subjunctive,A,Frequent
HSP47,100,Male,Heritage,,20,0,0,0,30,3,30,14,11,B,15,43,1,desear,148807,,,1,Canonical,robar,28182,Mood,Subjunctive,C,Infrequent
HSP47,100,Male,Heritage,,20,0,0,0,30,3,30,14,11,B,10,46,1,pedir,432187,,,0,Canonical,tratar,590952,Mood,Subjunctive,B,Frequent
HSP47,100,Male,Heritage,,20,0,0,0,30,3,30,14,11,B,20,48,0,valorar,113028,,,1,Canonical,viajar,78141,Mood,Subjunctive,D,Infrequent